Timestamp,Cycle_Number,Pack_Voltage,Pack_Current,SOC,SOH,Capacity_Ah,Latitude,Longitude,Cell1_Voltage,Cell2_Voltage,Cell3_Voltage,Cell4_Voltage,Cell5_Voltage,Cell6_Voltage,Cell7_Voltage,Cell8_Voltage,Cell9_Voltage,Cell10_Voltage,Cell11_Voltage,Cell12_Voltage,Cell13_Voltage,Cell14_Voltage,Cell15_Voltage,Cell16_Voltage,Cell1_Temp,Cell2_Temp,Cell3_Temp,Cell4_Temp,Cell5_Temp,Cell6_Temp,Cell7_Temp,Cell8_Temp,Cell9_Temp,Cell10_Temp,Cell11_Temp,Cell12_Temp,Cell13_Temp,Cell14_Temp,Cell15_Temp,Cell16_Temp
2026-05-01T06:00:00,1,65.95,-33.2,94.4,96.99,58.19,28.6139,77.209,4.078,4.082,4.08,4.083,4.08,4.082,4.082,4.079,4.08,4.082,4.084,4.082,4.083,4.08,4.081,4.078,26.2,26.0,25.7,25.9,26.2,26.5,26.0,25.4,26.0,26.1,25.7,26.3,26.5,25.4,25.5,25.8
2026-05-01T06:02:00,1,66.39,-35.97,93.8,96.94,58.16,28.613913,77.209102,4.071,4.069,4.074,4.074,4.074,4.07,4.069,4.07,4.076,4.074,4.071,4.07,4.071,4.071,4.074,4.072,25.6,26.0,26.4,26.6,26.3,25.7,25.7,26.5,25.7,25.7,25.6,26.6,26.0,26.7,26.1,26.3
2026-05-01T06:04:00,1,65.96,-41.22,93.1,96.96,58.18,28.613951,77.2092,4.065,4.065,4.067,4.069,4.066,4.067,4.064,4.067,4.063,4.064,4.067,4.062,4.068,4.066,4.061,4.063,26.3,26.5,26.5,26.9,26.2,26.7,26.7,26.7,27.0,26.8,26.7,26.7,26.2,26.4,25.9,26.8
2026-05-01T06:06:00,1,66.29,-42.62,92.5,96.94,58.16,28.614013,77.209288,4.055,4.056,4.059,4.052,4.055,4.055,4.06,4.061,4.054,4.052,4.06,4.059,4.055,4.057,4.058,4.055,26.9,26.8,27.0,26.2,27.2,26.7,26.4,27.0,26.6,26.6,26.5,26.3,27.1,27.2,27.1,26.1
2026-05-01T06:08:00,1,65.48,-42.55,92.0,96.93,58.16,28.614098,77.209362,4.049,4.05,4.048,4.044,4.048,4.05,4.051,4.047,4.047,4.052,4.052,4.045,4.049,4.052,4.05,4.049,26.7,26.7,26.7,26.4,26.2,26.5,26.2,26.7,26.9,26.1,27.0,26.9,27.1,26.9,26.1,26.3
2026-05-01T06:10:00,1,65.82,-42.26,91.3,96.92,58.15,28.614202,77.209418,4.046,4.042,4.043,4.046,4.046,4.043,4.038,4.041,4.043,4.039,4.042,4.042,4.045,4.041,4.04,4.044,26.0,26.1,26.5,26.1,27.0,26.4,26.4,27.1,26.2,26.4,26.4,26.0,26.7,27.0,26.6,26.6
2026-05-01T06:12:00,1,65.63,-44.57,90.7,96.99,58.19,28.614322,77.209453,4.033,4.033,4.034,4.034,4.035,4.036,4.031,4.03,4.033,4.032,4.032,4.035,4.035,4.033,4.035,4.029,26.2,26.4,26.5,26.2,27.3,26.9,27.3,26.5,27.2,27.1,26.5,27.0,27.2,26.8,26.8,27.1
2026-05-01T06:14:00,1,65.66,-46.02,90.0,96.91,58.15,28.614454,77.209463,4.02,4.021,4.025,4.025,4.022,4.023,4.027,4.028,4.023,4.027,4.022,4.026,4.022,4.029,4.029,4.024,26.4,26.7,26.6,27.2,26.5,26.8,26.6,26.8,26.8,26.3,27.1,26.3,27.1,26.8,27.4,27.3
2026-05-01T06:16:00,1,65.27,-47.81,89.3,96.9,58.14,28.614594,77.209446,4.015,4.014,4.014,4.017,4.02,4.018,4.021,4.018,4.017,4.016,4.011,4.019,4.02,4.014,4.02,4.018,27.2,27.0,26.6,26.8,27.3,26.8,27.1,26.8,27.6,27.7,27.1,26.7,27.2,26.7,26.5,26.8
2026-05-01T06:18:00,1,65.45,-52.58,88.7,96.94,58.17,28.614737,77.2094,4.013,4.012,4.004,4.008,4.005,4.01,4.012,4.014,4.008,4.007,4.006,4.008,4.011,4.01,4.003,4.004,27.0,27.4,27.5,27.1,27.8,27.4,27.1,27.3,27.6,27.3,27.6,27.6,27.3,27.8,27.4,28.0
2026-05-01T06:20:00,1,64.98,-50.62,88.1,96.93,58.16,28.614878,77.209325,3.999,3.997,4.003,3.998,4.001,3.997,4.007,4.004,4.005,4.003,4.0,3.999,4.004,4.003,4.006,4.0,27.5,26.7,27.1,27.0,27.1,27.8,27.7,27.4,27.4,27.7,27.4,26.8,27.4,27.1,27.6,27.1
2026-05-01T06:22:00,1,64.46,-50.77,87.5,96.86,58.12,28.615012,77.209221,3.991,3.994,3.997,3.998,3.997,3.992,3.995,3.992,3.997,3.997,3.995,3.994,3.993,3.995,3.995,3.998,27.8,27.5,27.8,26.8,27.2,26.9,27.8,27.5,27.9,27.9,26.9,27.0,27.7,27.0,27.1,26.9
2026-05-01T06:24:00,1,65.56,-51.06,86.9,96.91,58.15,28.615134,77.209088,3.99,3.989,3.99,3.989,3.987,3.986,3.992,3.986,3.99,3.981,3.985,3.988,3.991,3.987,3.984,3.983,27.6,27.7,27.3,27.3,26.8,27.3,27.8,27.5,26.8,27.0,27.7,27.2,26.8,27.4,27.6,27.8
2026-05-01T06:26:00,1,64.51,-53.75,86.2,96.86,58.12,28.615238,77.208927,3.981,3.977,3.977,3.978,3.975,3.979,3.974,3.978,3.979,3.978,3.978,3.974,3.983,3.975,3.976,3.981,27.0,27.8,28.1,27.6,27.5,27.4,27.6,27.8,27.7,27.5,28.1,27.8,27.6,27.1,27.3,27.3
2026-05-01T06:28:00,1,64.87,-57.43,85.6,96.85,58.11,28.61532,77.208743,3.967,3.974,3.975,3.971,3.971,3.968,3.967,3.969,3.971,3.973,3.974,3.97,3.967,3.972,3.97,3.972,27.6,28.0,28.6,27.9,28.1,28.2,27.9,28.0,28.1,28.5,27.5,28.4,27.6,28.5,28.3,28.1
2026-05-01T06:30:00,1,64.99,-57.68,85.0,96.82,58.09,28.615375,77.208537,3.96,3.967,3.96,3.96,3.963,3.964,3.96,3.966,3.967,3.964,3.963,3.964,3.959,3.961,3.966,3.964,28.6,27.4,27.6,27.9,27.8,27.4,28.5,27.7,27.7,27.6,27.8,27.4,27.5,28.5,28.2,27.8
2026-05-01T06:32:00,1,64.15,-54.03,84.4,96.83,58.1,28.6154,77.208314,3.96,3.955,3.958,3.956,3.951,3.952,3.956,3.956,3.951,3.954,3.956,3.953,3.95,3.952,3.952,3.957,27.5,27.4,27.1,27.8,27.4,28.0,27.5,27.4,27.9,27.7,27.1,27.6,27.5,27.3,27.2,27.2
2026-05-01T06:34:00,1,64.72,-55.95,83.8,96.84,58.11,28.61539,77.208078,3.945,3.952,3.947,3.953,3.946,3.951,3.948,3.948,3.947,3.942,3.942,3.952,3.948,3.942,3.949,3.949,28.0,27.5,27.6,27.8,27.8,28.4,27.9,28.4,27.2,27.3,28.1,28.2,27.7,27.5,27.6,27.6
2026-05-01T06:36:00,1,63.84,-52.78,83.2,96.77,58.06,28.615344,77.207834,3.942,3.943,3.936,3.941,3.938,3.941,3.944,3.941,3.942,3.939,3.944,3.943,3.939,3.944,3.939,3.942,27.0,27.2,27.0,27.1,28.0,27.2,27.5,27.6,28.1,27.8,28.0,27.9,27.1,27.1,27.1,27.3
2026-05-01T06:38:00,1,63.95,-53.24,82.6,96.76,58.06,28.615259,77.207589,3.935,3.93,3.928,3.932,3.931,3.929,3.93,3.928,3.937,3.934,3.932,3.936,3.928,3.932,3.93,3.932,27.0,27.3,27.9,28.1,27.2,27.6,27.8,27.3,27.2,27.6,27.0,27.7,27.4,27.2,27.0,27.7
2026-05-01T06:40:00,1,63.54,-54.18,81.9,96.79,58.08,28.615134,77.207348,3.923,3.92,3.922,3.925,3.92,3.925,3.925,3.926,3.924,3.919,3.923,3.92,3.927,3.928,3.92,3.925,27.0,27.7,27.2,27.2,27.4,27.7,27.5,28.1,27.7,27.6,27.6,28.1,27.2,27.1,27.3,27.7
2026-05-01T06:42:00,1,63.93,-52.89,81.2,96.83,58.1,28.614969,77.207118,3.916,3.914,3.912,3.913,3.916,3.918,3.918,3.912,3.913,3.918,3.917,3.916,3.915,3.91,3.912,3.915,27.1,27.4,27.5,27.6,27.6,27.4,26.9,27.7,27.3,27.7,27.6,27.4,27.8,27.3,27.5,27.4
2026-05-01T06:44:00,1,64.11,-52.61,80.5,96.81,58.09,28.614766,77.206904,3.91,3.909,3.908,3.905,3.907,3.904,3.906,3.903,3.908,3.906,3.912,3.903,3.908,3.902,3.906,3.908,27.5,27.9,27.8,27.2,27.1,27.6,27.6,27.2,27.0,27.7,28.1,27.4,28.0,27.2,27.4,27.0
2026-05-01T06:46:00,1,63.5,-50.74,79.9,96.77,58.06,28.614525,77.206713,3.895,3.894,3.896,3.9,3.902,3.899,3.898,3.902,3.899,3.895,3.897,3.897,3.902,3.898,3.898,3.897,27.5,27.7,27.1,27.7,27.8,27.4,27.6,27.2,27.8,27.5,27.5,27.3,26.9,27.5,27.8,27.7
2026-05-01T06:48:00,1,63.06,-48.45,79.3,96.77,58.06,28.614249,77.206551,3.895,3.897,3.893,3.894,3.897,3.893,3.899,3.895,3.892,3.89,3.898,3.893,3.893,3.889,3.893,3.896,27.1,26.7,26.9,27.2,27.0,26.9,26.5,26.8,26.6,26.9,27.5,27.7,27.4,27.0,27.2,27.5
2026-05-01T06:50:00,1,62.92,-47.97,78.6,96.73,58.04,28.613943,77.206423,3.889,3.888,3.895,3.893,3.891,3.89,3.89,3.889,3.892,3.892,3.893,3.891,3.888,3.886,3.895,3.892,26.5,27.2,26.7,27.5,27.0,27.0,27.4,27.6,27.3,26.9,27.0,27.1,26.7,26.5,26.7,26.6
2026-05-01T06:52:00,1,62.95,-42.89,78.0,96.71,58.02,28.61361,77.206335,3.887,3.885,3.885,3.889,3.888,3.885,3.886,3.889,3.884,3.887,3.882,3.886,3.887,3.888,3.884,3.885,26.9,26.1,26.4,26.5,26.2,26.7,26.7,26.9,27.0,26.5,26.5,27.1,26.5,26.5,26.7,26.5
2026-05-01T06:54:00,1,63.07,-46.17,77.4,96.7,58.02,28.613256,77.206292,3.878,3.881,3.882,3.886,3.884,3.886,3.882,3.877,3.885,3.88,3.879,3.885,3.882,3.879,3.882,3.885,26.9,27.4,26.6,27.5,26.5,26.5,26.3,26.8,27.1,26.8,27.3,26.3,26.4,26.4,27.1,27.4
2026-05-01T06:56:00,1,62.63,-40.23,76.8,96.68,58.01,28.612887,77.206297,3.878,3.879,3.877,3.882,3.883,3.882,3.875,3.879,3.882,3.878,3.873,3.878,3.876,3.883,3.878,3.875,27.1,26.5,26.3,26.9,26.3,26.2,26.7,26.8,26.0,26.6,26.3,25.9,26.7,26.1,26.5,26.4
2026-05-01T06:58:00,1,63.11,-36.95,76.2,96.73,58.04,28.61251,77.206353,3.878,3.87,3.874,3.875,3.874,3.874,3.877,3.874,3.871,3.872,3.872,3.871,3.873,3.873,3.876,3.873,26.1,26.1,25.7,25.8,25.9,26.7,26.2,26.5,25.7,26.5,26.2,25.8,26.7,26.1,25.9,26.7
2026-05-01T07:00:00,1,62.82,-38.96,75.5,96.73,58.04,28.612132,77.206462,3.872,3.869,3.874,3.87,3.868,3.872,3.875,3.869,3.867,3.869,3.873,3.869,3.867,3.872,3.871,3.867,26.1,25.8,26.1,26.3,25.9,26.3,26.0,25.9,26.7,26.6,26.2,25.9,25.9,26.7,25.8,26.1
2026-05-01T07:02:00,1,61.96,-35.71,74.9,96.64,57.99,28.611761,77.206626,3.865,3.867,3.866,3.867,3.866,3.869,3.864,3.864,3.863,3.863,3.87,3.863,3.865,3.871,3.865,3.866,26.5,26.4,25.6,26.1,26.2,26.3,26.0,26.6,26.1,25.6,26.3,25.8,26.1,26.5,26.1,26.7
2026-05-01T07:04:00,1,62.49,-35.11,74.2,96.7,58.02,28.611403,77.206844,3.859,3.865,3.86,3.861,3.859,3.865,3.859,3.861,3.865,3.859,3.86,3.86,3.861,3.863,3.865,3.858,25.6,26.7,26.1,26.4,26.6,25.6,25.8,26.2,26.2,25.9,26.4,26.4,26.5,26.5,26.1,26.3
2026-05-01T07:06:00,1,62.58,-35.71,73.6,96.69,58.01,28.611068,77.207115,3.856,3.853,3.856,3.859,3.856,3.854,3.86,3.858,3.859,3.86,3.856,3.853,3.856,3.858,3.856,3.852,25.6,25.6,26.7,26.0,25.9,26.4,26.6,25.6,26.5,26.5,26.4,26.7,25.8,26.0,26.3,26.3
2026-05-01T07:08:00,1,62.85,-41.16,73.0,96.67,58.0,28.610763,77.207436,3.849,3.853,3.853,3.855,3.853,3.854,3.855,3.85,3.855,3.858,3.858,3.856,3.858,3.854,3.852,3.852,27.0,26.3,27.1,26.2,26.2,26.5,25.9,26.6,26.2,27.1,26.8,26.1,26.6,26.8,26.1,26.0
2026-05-01T07:10:00,1,62.32,-44.69,72.4,96.66,58.0,28.610495,77.207806,3.852,3.852,3.849,3.851,3.846,3.846,3.852,3.848,3.851,3.85,3.846,3.845,3.847,3.853,3.847,3.849,26.7,26.3,26.9,26.5,27.0,26.5,27.3,27.3,26.3,26.7,26.6,26.2,26.6,26.4,27.2,26.8
2026-05-01T07:12:00,1,62.65,-43.98,71.8,96.6,57.96,28.610272,77.208218,3.849,3.849,3.842,3.845,3.843,3.85,3.844,3.845,3.843,3.85,3.85,3.847,3.847,3.841,3.845,3.845,27.1,27.3,27.0,26.8,27.3,26.3,26.8,27.3,26.3,26.3,26.7,27.1,26.4,26.3,27.3,26.2
2026-05-01T07:14:00,1,62.29,-44.57,71.1,96.64,57.98,28.6101,77.208667,3.843,3.84,3.841,3.843,3.838,3.845,3.843,3.841,3.845,3.839,3.842,3.838,3.84,3.841,3.839,3.842,26.4,26.9,27.0,27.0,26.8,26.5,27.0,26.5,27.2,27.2,26.3,27.2,26.8,26.7,26.7,27.3
2026-05-01T07:16:00,1,62.6,-46.68,70.5,96.6,57.96,28.609985,77.209147,3.837,3.838,3.835,3.837,3.835,3.832,3.837,3.835,3.836,3.837,3.832,3.834,3.835,3.836,3.836,3.84,26.5,27.2,27.2,26.8,27.3,27.3,27.1,27.2,27.6,27.2,26.6,27.4,26.9,26.8,26.6,27.2
2026-05-01T07:18:00,1,62.45,-48.07,69.8,96.63,57.98,28.609932,77.209651,3.83,3.831,3.835,3.831,3.832,3.837,3.835,3.836,3.83,3.827,3.836,3.835,3.83,3.833,3.829,3.828,26.7,26.9,26.8,26.7,27.0,27.4,27.3,26.5,26.8,27.0,26.5,27.2,26.6,26.5,27.3,26.6
2026-05-01T07:20:00,1,62.74,-49.32,69.2,96.55,57.93,28.609946,77.21017,3.833,3.827,3.832,3.828,3.822,3.827,3.831,3.831,3.824,3.826,3.828,3.825,3.826,3.833,3.824,3.829,27.1,26.8,26.8,27.4,26.9,27.3,27.1,27.3,27.8,27.4,27.7,27.3,27.5,26.9,27.4,27.5
2026-05-01T07:22:00,1,62.79,-51.08,68.5,96.55,57.93,28.610028,77.210695,3.822,3.824,3.826,3.823,3.828,3.822,3.823,3.825,3.821,3.827,3.818,3.822,3.823,3.825,3.825,3.819,27.0,27.9,27.7,27.6,27.3,27.7,27.0,26.9,27.5,27.4,27.9,30.4,27.9,27.9,27.6,27.1
2026-05-01T07:24:00,1,61.93,-49.99,67.9,96.61,57.97,28.610181,77.211217,3.82,3.819,3.822,3.815,3.818,3.823,3.814,3.82,3.82,3.819,3.822,3.82,3.82,3.824,3.817,3.823,27.6,27.7,27.0,27.5,27.7,27.3,27.3,26.7,27.8,27.8,27.8,32.1,26.7,26.8,27.2,27.7
2026-05-01T07:26:00,1,62.57,-55.87,67.2,96.55,57.93,28.610405,77.211727,3.814,3.819,3.814,3.816,3.816,3.813,3.813,3.817,3.811,3.814,3.817,3.814,3.812,3.816,3.818,3.813,28.2,28.0,27.9,27.6,28.3,28.4,27.8,27.7,27.4,28.2,28.2,35.3,28.2,27.5,28.2,27.4
2026-05-01T07:28:00,1,62.01,-55.66,66.6,96.6,57.96,28.6107,77.212215,3.809,3.815,3.809,3.806,3.811,3.81,3.81,3.814,3.816,3.808,3.813,3.813,3.815,3.814,3.813,3.811,27.6,27.9,27.3,28.1,28.1,27.6,27.5,27.2,28.4,27.8,28.2,37.6,28.2,27.9,28.0,27.4
2026-05-01T07:30:00,1,61.94,-54.1,66.0,96.52,57.91,28.611062,77.21267,3.809,3.807,3.811,3.804,3.81,3.809,3.806,3.809,3.807,3.807,3.808,3.806,3.806,3.808,3.804,3.806,27.9,28.2,27.5,28.0,27.4,27.3,27.5,28.1,27.8,28.2,27.3,38.8,28.2,27.5,27.3,27.9
2026-05-01T07:32:00,1,62.0,-53.61,65.4,96.55,57.93,28.61149,77.213084,3.806,3.802,3.802,3.807,3.803,3.8,3.807,3.804,3.801,3.805,3.799,3.8,3.806,3.805,3.801,3.804,27.5,27.1,27.9,27.1,27.3,27.3,28.1,27.3,28.1,28.1,27.6,41.6,27.9,28.0,27.1,27.1
2026-05-01T07:34:00,1,62.02,-55.85,64.8,96.54,57.93,28.611977,77.213447,3.796,3.8,3.796,3.801,3.798,3.799,3.799,3.798,3.798,3.795,3.802,3.798,3.799,3.804,3.798,3.797,27.4,27.7,27.9,27.9,28.1,28.1,28.0,27.3,27.9,27.2,28.2,43.7,28.0,28.2,27.7,27.3
2026-05-01T07:36:00,1,61.5,-52.13,64.1,96.53,57.92,28.612517,77.213751,3.795,3.791,3.799,3.797,3.793,3.792,3.794,3.795,3.795,3.791,3.795,3.792,3.789,3.794,3.798,3.797,26.9,26.9,27.9,27.4,27.3,27.8,27.3,27.0,27.3,27.6,27.7,44.2,27.1,27.4,27.9,27.3
2026-05-01T07:38:00,1,61.75,-51.94,63.5,96.54,57.92,28.613104,77.213988,3.791,3.794,3.79,3.788,3.792,3.787,3.786,3.789,3.791,3.788,3.791,3.785,3.789,3.789,3.791,3.792,27.0,27.8,26.9,27.9,26.9,27.0,27.1,26.9,28.0,26.8,27.1,45.5,27.5,27.1,27.5,26.8
2026-05-01T07:40:00,1,61.18,-51.48,62.9,96.48,57.89,28.613729,77.214152,3.786,3.783,3.785,3.782,3.782,3.788,3.785,3.783,3.787,3.783,3.792,3.788,3.783,3.783,3.791,3.786,27.7,27.5,27.4,27.5,27.6,27.2,27.1,27.3,27.2,27.6,27.3,46.0,27.5,27.1,26.9,27.6
2026-05-01T07:42:00,1,61.6,-51.2,62.3,96.5,57.9,28.614382,77.214236,3.779,3.782,3.78,3.781,3.785,3.781,3.784,3.78,3.782,3.784,3.779,3.78,3.781,3.782,3.782,3.779,27.9,26.8,27.6,27.5,27.2,27.2,27.9,26.8,27.6,27.9,27.7,46.8,27.1,27.8,27.3,27.3
2026-05-01T07:44:00,1,61.17,-51.41,61.7,96.5,57.9,28.615053,77.214235,3.777,3.777,3.777,3.781,3.774,3.779,3.776,3.776,3.778,3.778,3.777,3.782,3.777,3.779,3.778,3.779,27.3,27.4,27.3,27.2,27.5,27.9,27.0,27.4,27.7,27.4,27.9,47.8,27.6,27.1,27.3,27.2
2026-05-01T07:46:00,1,61.43,-48.68,61.1,96.42,57.85,28.615731,77.214148,3.773,3.775,3.777,3.776,3.773,3.773,3.774,3.773,3.773,3.774,3.775,3.772,3.775,3.771,3.777,3.775,27.6,27.2,27.6,27.2,27.3,27.7,27.5,26.7,27.3,27.5,26.9,46.7,27.7,27.3,27.7,27.6
2026-05-01T07:48:00,1,61.6,-50.35,60.4,96.42,57.85,28.616405,77.213971,3.767,3.767,3.771,3.771,3.769,3.773,3.767,3.77,3.773,3.773,3.772,3.773,3.768,3.764,3.768,3.769,27.2,27.8,27.5,27.3,27.5,27.2,27.7,27.7,27.6,27.3,27.2,46.5,26.8,27.4,27.4,27.6
2026-05-01T07:50:00,1,61.25,-50.42,59.7,96.47,57.88,28.617063,77.213706,3.761,3.765,3.765,3.768,3.762,3.768,3.767,3.768,3.77,3.765,3.768,3.763,3.765,3.767,3.76,3.761,27.2,27.5,27.7,27.4,27.0,27.1,27.4,26.7,27.2,27.1,27.0,46.5,27.0,27.3,27.2,27.6
2026-05-01T07:52:00,1,61.52,-47.05,59.1,96.48,57.89,28.617693,77.213352,3.762,3.759,3.764,3.763,3.762,3.76,3.765,3.757,3.761,3.759,3.766,3.756,3.763,3.76,3.763,3.763,26.5,26.9,27.2,26.7,26.8,26.4,27.2,26.8,27.4,27.3,27.2,44.8,26.5,26.9,27.3,27.6
2026-05-01T07:54:00,1,62.02,-45.21,58.6,96.44,57.86,28.618283,77.212914,3.755,3.757,3.757,3.757,3.759,3.755,3.76,3.756,3.753,3.761,3.754,3.76,3.757,3.754,3.755,3.757,27.2,26.8,27.3,27.1,26.6,27.2,27.3,27.2,26.6,26.5,27.2,44.1,26.4,26.3,27.3,26.5
2026-05-01T07:56:00,1,61.09,-43.92,58.0,96.39,57.84,28.618822,77.212396,3.757,3.749,3.749,3.751,3.752,3.757,3.753,3.757,3.751,3.757,3.754,3.753,3.756,3.754,3.755,3.75,27.2,27.0,26.6,26.7,26.4,26.8,27.2,26.4,26.9,26.5,26.7,42.0,27.3,27.0,26.3,27.0
2026-05-01T07:58:00,1,60.95,-45.13,57.4,96.43,57.86,28.619298,77.211803,3.748,3.75,3.755,3.748,3.748,3.753,3.752,3.747,3.749,3.75,3.751,3.751,3.748,3.75,3.748,3.755,27.0,26.8,26.4,26.5,26.8,26.8,27.0,27.0,26.7,27.3,27.4,40.4,26.5,27.3,26.5,27.0
2026-05-01T08:00:00,1,60.72,-40.46,56.7,96.35,57.81,28.619702,77.211144,3.745,3.743,3.745,3.749,3.747,3.744,3.745,3.748,3.747,3.747,3.745,3.742,3.745,3.741,3.742,3.747,26.2,26.5,26.0,26.9,26.3,25.9,26.2,26.5,27.0,26.9,26.4,38.8,26.2,26.0,26.6,26.5
2026-05-01T08:02:00,1,60.56,-40.15,56.1,96.36,57.82,28.620025,77.210427,3.736,3.742,3.742,3.737,3.737,3.742,3.74,3.744,3.741,3.738,3.737,3.744,3.74,3.736,3.739,3.743,26.3,26.6,27.0,26.3,26.2,26.5,26.1,26.6,26.1,26.9,26.6,36.0,26.6,26.3,26.6,26.2
2026-05-01T08:04:00,1,60.28,-38.08,55.4,96.34,57.81,28.620257,77.209663,3.737,3.733,3.738,3.733,3.736,3.74,3.734,3.736,3.741,3.739,3.735,3.737,3.734,3.739,3.737,3.735,25.7,25.9,25.9,26.7,26.5,25.9,26.2,26.2,26.8,26.5,26.4,33.2,26.0,26.8,26.8,26.0
2026-05-01T08:06:00,1,60.58,-37.21,54.8,96.42,57.85,28.620393,77.208863,3.732,3.728,3.735,3.731,3.731,3.735,3.733,3.727,3.731,3.734,3.727,3.733,3.729,3.728,3.727,3.73,26.4,26.0,26.3,26.8,26.4,26.5,26.8,26.6,25.8,25.8,25.9,30.9,25.9,26.8,26.4,26.1
2026-05-01T08:08:00,1,60.51,-34.71,54.2,96.34,57.81,28.620428,77.20804,3.731,3.724,3.728,3.726,3.727,3.732,3.729,3.728,3.729,3.728,3.728,3.732,3.723,3.728,3.724,3.73,25.5,26.1,25.9,26.5,26.3,26.5,25.8,25.9,26.0,26.5,26.0,28.1,26.1,25.6,26.0,26.4
2026-05-01T08:10:00,1,60.39,-37.77,53.6,96.35,57.81,28.620356,77.207206,3.723,3.725,3.729,3.723,3.72,3.72,3.724,3.724,3.724,3.724,3.725,3.725,3.726,3.722,3.724,3.729,26.4,26.2,26.5,26.4,26.6,26.0,26.7,26.7,26.5,26.4,26.7,25.7,26.3,25.8,26.7,26.8
2026-05-01T08:12:00,1,60.71,-43.02,53.0,96.3,57.78,28.620178,77.206375,3.72,3.718,3.724,3.721,3.72,3.724,3.72,3.722,3.716,3.72,3.718,3.725,3.72,3.722,3.719,3.718,26.5,27.2,27.3,26.9,27.1,26.9,27.1,26.4,27.1,26.4,26.3,27.0,26.1,26.5,27.0,26.4
2026-05-01T08:14:00,1,60.6,-44.03,52.4,96.38,57.83,28.619891,77.205562,3.711,3.72,3.718,3.716,3.717,3.713,3.722,3.716,3.716,3.715,3.718,3.718,3.72,3.712,3.72,3.721,27.1,26.7,26.8,26.5,26.3,26.6,26.4,26.8,26.5,27.2,27.3,26.2,26.5,26.3,27.1,27.3
2026-05-01T08:16:00,1,60.83,-46.95,51.8,96.29,57.77,28.619498,77.20478,3.713,3.713,3.709,3.714,3.708,3.709,3.713,3.711,3.713,3.715,3.711,3.71,3.707,3.714,3.714,3.712,26.4,26.5,27.6,26.5,26.9,26.6,27.4,27.6,27.5,27.2,27.0,26.9,26.7,27.1,26.6,26.9
2026-05-01T08:18:00,1,60.15,-43.74,51.2,96.29,57.77,28.619002,77.204043,3.713,3.712,3.706,3.708,3.704,3.703,3.703,3.71,3.708,3.702,3.706,3.708,3.71,3.708,3.709,3.705,26.4,27.0,27.1,26.7,26.6,27.3,26.3,26.9,26.2,26.6,26.2,26.7,26.9,26.8,26.5,26.4
2026-05-01T08:20:00,1,60.41,-46.26,50.5,96.25,57.75,28.618408,77.203365,3.706,3.703,3.702,3.701,3.703,3.704,3.704,3.705,3.703,3.706,3.703,3.704,3.706,3.705,3.703,3.701,27.4,27.0,26.9,27.2,26.6,27.0,27.3,26.8,26.9,27.2,26.4,26.6,27.3,26.6,27.3,26.6
2026-05-01T08:22:00,1,60.23,-51.65,49.9,96.32,57.79,28.617724,77.202759,3.7,3.704,3.697,3.699,3.698,3.7,3.702,3.696,3.704,3.697,3.695,3.697,3.699,3.696,3.699,3.698,27.2,27.5,27.5,27.2,27.7,27.0,27.0,27.6,27.3,26.9,27.3,27.1,27.1,26.9,26.9,27.0
2026-05-01T08:24:00,1,60.22,-48.46,49.3,96.32,57.79,28.616959,77.202237,3.699,3.697,3.696,3.696,3.695,3.693,3.694,3.692,3.7,3.698,3.693,3.694,3.696,3.698,3.696,3.694,26.7,27.0,27.4,27.6,26.6,26.8,27.0,27.6,26.9,27.6,26.7,27.3,27.1,27.6,26.5,27.4
2026-05-01T08:26:00,1,60.07,-52.93,48.6,96.24,57.75,28.616122,77.20181,3.689,3.692,3.696,3.69,3.689,3.687,3.692,3.688,3.69,3.692,3.694,3.696,3.693,3.692,3.689,3.691,27.6,27.4,27.7,28.0,28.0,27.5,27.1,27.3,27.0,27.3,27.2,27.8,27.1,28.0,27.8,27.3
2026-05-01T08:28:00,1,60.21,-54.15,48.0,96.21,57.73,28.615227,77.201487,3.69,3.684,3.685,3.689,3.686,3.69,3.687,3.686,3.691,3.688,3.687,3.688,3.687,3.686,3.688,3.685,28.2,27.2,27.4,27.1,27.4,27.9,27.4,27.4,28.2,27.5,27.1,27.5,27.4,27.1,27.6,27.9
2026-05-01T08:30:00,1,59.78,-54.74,47.4,96.23,57.74,28.614285,77.201278,3.683,3.683,3.681,3.688,3.679,3.686,3.68,3.683,3.68,3.681,3.68,3.68,3.685,3.681,3.681,3.683,27.6,27.7,28.1,27.4,27.2,27.1,27.7,28.2,28.2,27.9,27.6,27.5,28.1,27.4,28.0,27.1
2026-05-01T08:32:00,1,59.76,-52.99,46.8,96.27,57.76,28.613311,77.201187,3.678,3.677,3.679,3.679,3.683,3.675,3.682,3.676,3.675,3.679,3.681,3.679,3.679,3.677,3.681,3.682,27.8,27.7,27.6,27.0,27.7,27.5,27.4,27.7,27.9,27.7,27.4,27.1,27.2,27.2,27.4,27.0
2026-05-01T08:34:00,1,59.93,-52.63,46.2,96.27,57.76,28.612321,77.20122,3.678,3.67,3.671,3.676,3.67,3.677,3.673,3.673,3.675,3.675,3.675,3.674,3.677,3.67,3.67,3.676,27.3,27.5,28.0,27.2,27.0,27.6,27.8,27.5,27.2,27.2,27.0,27.7,26.9,27.2,27.5,27.1
2026-05-01T08:36:00,1,60.93,-54.27,45.6,96.25,57.75,28.611331,77.20138,3.671,3.671,3.672,3.668,3.666,3.67,3.676,3.675,3.671,3.669,3.673,3.675,3.675,3.666,3.672,3.669,27.1,27.8,28.1,28.2,27.4,27.6,27.7,27.1,27.7,27.8,27.6,28.0,28.0,27.5,27.9,27.1
2026-05-01T08:38:00,1,59.55,-53.89,45.0,96.2,57.72,28.610356,77.201667,3.664,3.665,3.665,3.666,3.668,3.668,3.669,3.668,3.67,3.665,3.669,3.666,3.665,3.668,3.663,3.662,27.2,27.7,27.5,27.6,27.6,27.9,27.5,27.1,27.5,27.8,27.7,27.9,27.9,27.5,27.9,27.0
2026-05-01T08:40:00,1,59.64,-55.85,44.3,96.25,57.75,28.609413,77.20208,3.657,3.663,3.666,3.663,3.663,3.662,3.66,3.66,3.661,3.661,3.666,3.665,3.665,3.667,3.665,3.666,27.8,28.0,27.9,28.2,28.1,27.9,27.4,27.2,28.0,28.3,28.1,27.9,27.6,28.3,27.4,27.9
2026-05-01T08:42:00,1,59.87,-51.79,43.6,96.14,57.69,28.608519,77.202614,3.657,3.66,3.655,3.659,3.659,3.659,3.662,3.66,3.656,3.653,3.659,3.659,3.658,3.656,3.655,3.658,27.2,27.2,27.7,27.5,27.1,27.8,27.9,27.5,26.8,27.8,27.5,27.8,27.3,27.3,27.1,28.0
2026-05-01T08:44:00,1,59.59,-51.3,43.0,96.21,57.72,28.607689,77.203265,3.652,3.657,3.649,3.654,3.655,3.655,3.649,3.65,3.651,3.651,3.652,3.655,3.652,3.655,3.653,3.655,27.7,27.3,27.4,27.1,27.1,27.1,27.5,27.7,27.5,27.1,27.1,27.0,27.2,27.4,27.2,28.0
2026-05-01T08:46:00,1,59.42,-55.2,42.4,96.16,57.69,28.606939,77.204024,3.648,3.648,3.652,3.649,3.651,3.645,3.651,3.65,3.647,3.647,3.652,3.652,3.647,3.646,3.644,3.65,27.6,28.0,28.1,28.0,28.1,27.8,28.1,27.5,27.3,28.1,27.4,28.1,27.5,28.2,28.2,28.0
2026-05-01T08:48:00,1,59.28,-50.06,41.8,96.15,57.69,28.606282,77.204882,3.64,3.644,3.642,3.646,3.647,3.644,3.65,3.647,3.647,3.64,3.642,3.643,3.645,3.644,3.645,3.642,27.7,27.2,27.7,27.1,26.8,26.7,27.0,26.7,26.8,27.6,27.1,27.4,27.2,27.4,27.4,27.5
2026-05-01T08:50:00,1,59.36,-49.89,41.2,96.12,57.67,28.605732,77.205827,3.641,3.637,3.642,3.639,3.64,3.644,3.644,3.641,3.641,3.637,3.642,3.64,3.642,3.64,3.64,3.643,26.8,27.7,27.0,27.6,27.3,27.1,27.6,27.5,27.0,27.0,27.8,27.5,26.7,27.6,26.7,27.8
2026-05-01T08:52:00,1,58.93,-49.42,40.6,96.19,57.71,28.6053,77.206845,3.64,3.642,3.637,3.638,3.637,3.639,3.634,3.637,3.633,3.639,3.632,3.636,3.634,3.636,3.638,3.637,27.2,26.9,27.7,26.7,27.1,27.1,27.4,27.2,27.7,27.7,26.7,27.7,26.8,27.2,27.6,26.6
2026-05-01T08:54:00,1,58.9,-47.9,40.0,96.15,57.69,28.604996,77.207921,3.633,3.629,3.631,3.629,3.635,3.637,3.633,3.635,3.636,3.633,3.631,3.631,3.637,3.632,3.636,3.633,27.5,27.6,27.2,27.3,27.4,27.2,27.2,26.6,27.6,26.8,26.5,27.1,27.5,27.6,27.1,27.1
2026-05-01T08:56:00,1,58.65,-46.44,39.3,96.09,57.65,28.604828,77.20904,3.627,3.627,3.626,3.628,3.633,3.63,3.629,3.634,3.625,3.627,3.626,3.628,3.63,3.629,3.629,3.628,27.1,26.6,26.3,26.9,27.1,27.2,27.1,27.1,26.4,26.9,27.0,27.2,26.9,27.5,26.9,26.8
2026-05-01T08:58:00,1,59.43,-47.44,38.6,96.14,57.69,28.604801,77.210184,3.624,3.622,3.624,3.619,3.626,3.619,3.624,3.627,3.622,3.627,3.619,3.621,3.625,3.622,3.623,3.63,27.4,26.9,27.1,26.9,26.4,26.6,27.5,26.8,27.6,26.6,26.5,27.3,27.6,27.0,26.7,26.5
2026-05-01T09:00:00,1,59.29,-43.6,37.9,96.12,57.67,28.60492,77.211335,3.62,3.615,3.615,3.618,3.616,3.623,3.617,3.624,3.623,3.617,3.615,3.623,3.62,3.619,3.616,3.622,26.7,26.6,26.2,26.8,26.9,26.9,26.8,26.8,26.6,26.6,27.2,27.1,26.6,26.5,26.6,26.9
2026-05-01T09:02:00,1,59.0,-43.49,37.3,96.11,57.67,28.605186,77.212475,3.613,3.611,3.619,3.616,3.613,3.612,3.61,3.612,3.614,3.615,3.614,3.615,3.613,3.616,3.615,3.618,26.5,26.5,26.5,27.0,26.7,26.9,26.4,26.8,26.5,26.6,26.7,26.3,27.0,27.1,26.7,26.2
2026-05-01T09:04:00,1,58.61,-38.74,36.8,96.08,57.65,28.605597,77.213584,3.61,3.617,3.612,3.614,3.614,3.614,3.61,3.608,3.608,3.613,3.614,3.614,3.609,3.609,3.61,3.609,26.9,26.4,26.1,26.8,26.8,26.5,26.1,26.0,26.6,26.5,26.2,26.2,26.5,26.4,25.8,26.1
2026-05-01T09:06:00,1,57.93,-38.99,36.1,96.07,57.64,28.60615,77.214644,3.605,3.609,3.608,3.604,3.606,3.605,3.608,3.609,3.612,3.608,3.607,3.611,3.609,3.605,3.609,3.613,26.4,26.1,26.8,26.6,26.2,26.6,26.6,26.5,26.9,26.7,25.9,26.9,26.9,25.9,26.1,26.5
2026-05-01T09:08:00,1,58.45,-36.99,35.5,96.02,57.61,28.606839,77.215637,3.6,3.601,3.607,3.606,3.602,3.604,3.601,3.606,3.599,3.605,3.603,3.603,3.604,3.603,3.602,3.601,26.6,26.3,26.4,26.1,26.8,26.0,26.8,26.7,26.7,26.5,26.4,26.2,26.8,26.5,25.7,26.6
2026-05-01T09:10:00,1,58.56,-37.31,34.8,96.04,57.63,28.607656,77.216545,3.596,3.604,3.6,3.598,3.596,3.604,3.601,3.598,3.598,3.602,3.596,3.601,3.602,3.596,3.602,3.596,26.4,25.7,26.7,26.4,26.2,25.7,25.8,26.2,26.1,26.4,26.6,26.2,26.2,26.6,26.0,26.6
2026-05-01T09:12:00,1,58.16,-36.91,34.2,96.07,57.64,28.60859,77.217352,3.599,3.591,3.595,3.593,3.592,3.593,3.595,3.59,3.596,3.592,3.597,3.597,3.596,3.596,3.598,3.591,25.9,25.8,26.7,26.7,26.5,26.6,25.8,26.6,25.8,26.4,26.7,26.1,26.1,26.6,26.2,26.1
2026-05-01T09:14:00,1,57.18,19.51,35.2,96.02,57.61,,,3.604,3.597,3.601,3.601,3.601,3.602,3.605,3.601,3.597,3.605,3.604,3.598,3.6,3.599,3.6,3.605,25.4,25.4,25.8,25.9,25.2,25.6,25.1,25.1,25.1,24.9,25.5,25.1,25.6,25.4,25.2,25.2
2026-05-01T09:16:00,1,57.44,21.31,36.1,96.01,57.61,,,3.607,3.607,3.604,3.609,3.61,3.603,3.602,3.605,3.61,3.608,3.611,3.605,3.61,3.607,3.608,3.607,24.9,25.4,25.4,25.3,25.8,25.8,24.9,25.2,25.8,25.1,25.4,25.9,25.0,25.5,24.9,26.0
2026-05-01T09:18:00,1,57.45,19.76,37.1,96.05,57.63,,,3.612,3.612,3.611,3.609,3.613,3.616,3.618,3.609,3.616,3.61,3.612,3.61,3.611,3.617,3.614,3.612,25.7,24.9,25.2,25.7,25.4,25.8,24.8,25.2,25.9,25.8,25.0,24.9,25.2,25.0,25.6,25.0
2026-05-01T09:20:00,1,57.38,20.71,38.1,95.98,57.59,,,3.617,3.62,3.624,3.624,3.618,3.618,3.621,3.619,3.624,3.622,3.62,3.617,3.622,3.62,3.619,3.623,25.4,24.9,25.2,25.9,25.0,25.5,24.8,25.1,25.9,25.9,25.2,25.4,26.0,25.8,25.8,25.9
2026-05-01T09:22:00,1,57.58,19.16,39.1,96.02,57.61,,,3.625,3.629,3.626,3.624,3.628,3.624,3.624,3.628,3.628,3.625,3.625,3.63,3.624,3.629,3.625,3.632,25.2,25.6,24.8,25.3,25.0,24.8,25.4,24.8,25.9,25.7,25.4,25.9,24.9,25.8,24.8,24.9
2026-05-01T09:24:00,1,57.45,20.79,40.1,95.96,57.57,,,3.632,3.636,3.638,3.633,3.634,3.631,3.632,3.633,3.638,3.633,3.632,3.634,3.632,3.637,3.635,3.633,24.9,25.1,25.3,25.2,25.7,25.6,25.8,25.7,24.9,25.0,25.0,25.3,25.8,25.0,24.9,25.4
2026-05-01T09:26:00,1,57.7,19.89,41.0,96.01,57.61,,,3.642,3.639,3.638,3.638,3.637,3.639,3.641,3.642,3.635,3.639,3.637,3.642,3.636,3.639,3.642,3.641,25.0,25.3,25.5,24.9,25.1,25.1,24.8,24.8,24.9,24.9,24.9,25.1,25.6,24.9,25.0,25.2
2026-05-01T09:28:00,1,58.3,20.13,42.0,95.99,57.59,,,3.643,3.647,3.648,3.652,3.646,3.648,3.643,3.646,3.649,3.645,3.649,3.646,3.644,3.645,3.643,3.643,24.8,25.7,26.0,25.1,25.1,24.8,25.0,25.3,25.9,24.9,25.6,25.4,25.7,25.6,25.9,25.4
2026-05-01T09:30:00,1,58.31,19.35,43.0,95.96,57.58,,,3.648,3.655,3.658,3.652,3.654,3.65,3.653,3.653,3.649,3.653,3.654,3.651,3.651,3.656,3.654,3.658,25.5,25.3,25.8,25.9,25.2,25.4,25.2,25.5,25.6,24.8,25.3,24.8,25.1,25.9,25.5,24.8
2026-05-01T09:32:00,1,58.08,19.13,44.0,95.95,57.57,,,3.661,3.657,3.662,3.656,3.661,3.661,3.664,3.657,3.657,3.659,3.656,3.663,3.656,3.663,3.657,3.662,25.8,25.5,25.6,25.6,24.9,25.7,25.4,25.8,25.5,24.8,25.6,25.0,25.8,25.9,25.9,25.6
2026-05-01T09:34:00,1,57.77,19.44,45.0,95.88,57.53,,,3.665,3.67,3.669,3.666,3.667,3.669,3.668,3.662,3.665,3.667,3.664,3.664,3.665,3.664,3.666,3.667,24.9,25.3,25.7,25.8,25.7,25.6,25.9,25.8,25.1,25.7,25.9,25.5,25.7,25.8,24.7,25.5
2026-05-01T09:36:00,1,58.36,18.39,46.0,95.9,57.54,,,3.677,3.677,3.675,3.678,3.67,3.678,3.673,3.673,3.669,3.675,3.674,3.674,3.672,3.675,3.672,3.676,25.1,24.8,25.4,25.0,25.2,25.3,25.4,25.5,25.7,25.2,25.8,24.9,25.0,25.9,25.2,25.7
2026-05-01T09:38:00,1,58.46,20.63,47.1,95.95,57.57,,,3.681,3.678,3.68,3.682,3.68,3.68,3.681,3.681,3.683,3.677,3.677,3.683,3.678,3.683,3.68,3.681,25.3,25.0,25.8,25.7,25.7,25.9,25.4,25.9,25.4,25.6,25.1,25.2,24.9,25.0,25.9,25.5
2026-05-01T09:40:00,1,58.68,19.71,48.0,95.89,57.54,,,3.692,3.686,3.687,3.691,3.686,3.689,3.689,3.683,3.685,3.69,3.689,3.689,3.684,3.688,3.685,3.683,25.5,25.5,25.4,24.8,25.8,25.6,25.4,25.2,25.6,25.8,25.1,25.7,25.5,24.9,25.6,25.6
2026-05-01T09:42:00,1,58.69,20.7,49.0,95.89,57.54,,,3.692,3.695,3.692,3.689,3.692,3.697,3.696,3.695,3.693,3.697,3.692,3.698,3.694,3.696,3.688,3.695,25.8,25.8,25.0,25.6,25.1,25.4,25.5,25.4,25.3,25.8,25.1,25.7,25.0,25.4,25.7,24.9
2026-05-01T09:44:00,1,58.77,19.03,50.0,95.89,57.53,,,3.704,3.698,3.701,3.699,3.702,3.699,3.698,3.699,3.701,3.702,3.703,3.702,3.696,3.702,3.702,3.698,25.6,25.6,25.7,25.6,25.5,25.7,25.2,24.8,25.5,24.9,25.6,25.3,25.3,25.2,25.5,25.8
2026-05-01T09:46:00,1,58.63,20.63,50.9,95.83,57.5,,,3.704,3.71,3.706,3.708,3.702,3.708,3.708,3.706,3.709,3.708,3.707,3.701,3.708,3.705,3.706,3.703,25.0,24.8,25.2,25.5,25.7,25.5,25.1,26.0,25.0,25.5,25.4,25.4,24.8,25.5,25.0,25.2
2026-05-01T09:48:00,1,58.91,18.21,51.8,95.83,57.5,,,3.708,3.716,3.712,3.715,3.711,3.711,3.708,3.71,3.715,3.712,3.71,3.711,3.707,3.709,3.707,3.71,25.0,25.8,25.5,25.1,25.9,24.9,24.9,25.4,25.8,24.9,25.5,25.7,25.9,25.4,24.7,24.8
2026-05-01T09:50:00,1,59.33,18.53,52.8,95.81,57.49,,,3.72,3.719,3.719,3.722,3.724,3.717,3.717,3.718,3.719,3.716,3.718,3.721,3.718,3.72,3.719,3.721,25.8,25.5,25.8,25.4,25.9,25.0,25.1,25.6,25.0,25.3,25.6,24.9,24.8,25.4,25.2,25.0
2026-05-01T09:52:00,1,59.42,19.36,53.7,95.83,57.5,,,3.726,3.722,3.728,3.723,3.726,3.725,3.722,3.723,3.728,3.721,3.722,3.726,3.725,3.722,3.721,3.72,25.2,25.4,25.3,24.9,25.0,25.9,25.2,25.6,25.9,25.9,25.9,25.8,25.8,24.9,25.9,25.2
2026-05-01T09:54:00,1,59.45,19.15,54.6,95.85,57.51,,,3.735,3.731,3.729,3.731,3.73,3.733,3.729,3.733,3.732,3.735,3.734,3.727,3.73,3.734,3.729,3.731,25.4,25.4,25.7,24.9,25.3,25.1,25.1,25.9,25.9,25.8,25.0,25.0,25.8,25.6,25.7,25.8
2026-05-01T09:56:00,1,58.93,18.66,55.7,95.87,57.52,,,3.735,3.743,3.736,3.739,3.734,3.739,3.74,3.735,3.736,3.737,3.741,3.739,3.738,3.743,3.738,3.742,24.8,24.7,25.3,24.9,25.8,25.5,25.0,25.7,25.0,25.5,24.9,25.6,25.8,25.8,25.6,24.7
2026-05-01T09:58:00,1,59.33,19.67,56.6,95.82,57.49,,,3.741,3.743,3.748,3.747,3.746,3.743,3.749,3.749,3.741,3.744,3.746,3.747,3.74,3.741,3.748,3.748,25.0,25.3,25.9,25.7,25.8,25.1,25.4,24.8,24.9,25.1,25.8,25.8,25.5,25.1,25.0,24.9
2026-05-01T10:00:00,1,58.89,19.45,57.6,95.82,57.49,,,3.752,3.749,3.75,3.748,3.75,3.753,3.748,3.754,3.75,3.748,3.755,3.748,3.752,3.749,3.749,3.748,25.5,25.2,25.9,25.8,25.6,25.1,25.7,25.5,25.6,25.2,24.9,25.2,25.4,25.6,25.3,25.2
2026-05-01T10:02:00,1,59.06,19.89,58.5,95.79,57.47,,,3.758,3.756,3.753,3.754,3.758,3.76,3.755,3.755,3.755,3.759,3.755,3.755,3.754,3.76,3.758,3.759,25.9,25.7,25.3,25.5,24.8,24.9,25.3,25.0,24.9,25.6,25.8,24.9,25.1,25.1,24.8,25.6
2026-05-01T10:04:00,1,59.57,17.62,59.6,95.79,57.47,,,3.763,3.759,3.764,3.767,3.76,3.766,3.761,3.769,3.767,3.764,3.764,3.762,3.768,3.764,3.761,3.764,25.8,24.8,25.4,24.9,25.7,25.4,25.4,25.9,25.5,25.6,25.1,25.8,25.4,24.9,25.1,25.1
2026-05-01T10:06:00,1,60.61,17.27,60.5,95.72,57.43,,,3.773,3.767,3.773,3.767,3.771,3.771,3.768,3.769,3.769,3.767,3.769,3.77,3.765,3.77,3.771,3.772,25.3,24.8,25.1,25.5,24.8,25.7,25.2,25.7,25.0,25.8,25.6,25.6,25.6,25.0,25.3,25.8
2026-05-01T10:08:00,1,60.42,19.38,61.4,95.76,57.45,,,3.778,3.777,3.778,3.778,3.774,3.775,3.775,3.774,3.779,3.779,3.778,3.774,3.778,3.773,3.776,3.779,25.6,25.2,25.3,25.5,25.5,25.6,25.4,25.5,25.6,25.6,25.0,25.6,25.6,25.9,25.3,25.0
2026-05-01T10:10:00,1,60.48,19.36,62.4,95.76,57.45,,,3.781,3.781,3.781,3.783,3.783,3.785,3.78,3.778,3.786,3.784,3.784,3.78,3.78,3.778,3.783,3.783,24.8,25.1,24.9,25.3,25.9,25.7,25.0,24.9,25.3,24.8,24.8,25.0,25.7,25.8,24.8,25.6
2026-05-01T10:12:00,1,60.9,17.01,63.4,95.69,57.41,,,3.787,3.786,3.786,3.79,3.787,3.789,3.789,3.786,3.785,3.791,3.794,3.789,3.792,3.791,3.787,3.788,25.7,25.1,24.8,24.8,25.4,25.5,24.9,25.7,25.1,25.3,25.7,25.0,24.9,25.4,24.8,25.8
2026-05-01T10:14:00,1,60.04,17.24,64.4,95.75,57.45,,,3.8,3.796,3.796,3.796,3.801,3.797,3.796,3.798,3.796,3.797,3.795,3.798,3.797,3.798,3.799,3.796,25.6,25.7,24.9,25.2,24.7,25.3,24.7,25.4,24.8,25.2,25.0,24.9,25.8,25.6,25.9,25.1
2026-05-01T10:16:00,1,60.4,19.17,65.3,95.73,57.44,,,3.806,3.803,3.804,3.804,3.805,3.801,3.803,3.802,3.801,3.802,3.803,3.804,3.8,3.807,3.799,3.803,25.6,25.5,25.3,25.1,24.9,25.5,24.7,25.0,25.0,24.9,25.5,25.6,25.3,25.8,25.3,24.9
2026-05-01T10:18:00,1,60.55,17.36,66.3,95.76,57.45,,,3.811,3.811,3.804,3.812,3.813,3.809,3.81,3.805,3.808,3.811,3.812,3.811,3.813,3.813,3.806,3.811,25.6,25.8,25.5,24.8,25.8,25.3,25.6,25.1,25.3,25.5,25.2,25.2,25.0,25.5,25.4,25.2
2026-05-01T10:20:00,1,60.77,16.85,67.3,95.75,57.45,,,3.814,3.818,3.817,3.817,3.816,3.812,3.818,3.812,3.819,3.819,3.813,3.818,3.814,3.817,3.817,3.812,25.5,25.5,25.7,25.1,25.1,25.7,25.7,25.5,25.3,25.2,25.6,25.0,24.8,24.9,25.1,25.7
2026-05-01T10:22:00,1,60.78,16.77,68.2,95.65,57.39,,,3.821,3.825,3.816,3.819,3.822,3.817,3.823,3.818,3.827,3.821,3.817,3.821,3.825,3.818,3.821,3.821,24.9,24.7,24.7,24.9,25.6,24.8,25.6,25.7,25.5,24.7,24.9,25.3,24.7,25.4,25.6,24.8
2026-05-01T10:24:00,1,60.43,18.62,69.3,95.68,57.41,,,3.83,3.83,3.825,3.828,3.826,3.83,3.825,3.827,3.827,3.83,3.83,3.83,3.829,3.826,3.829,3.829,25.6,25.3,25.5,25.8,25.4,25.8,24.9,24.8,25.7,24.9,25.0,25.1,25.3,25.6,25.5,25.6
2026-05-01T10:26:00,1,61.0,17.24,70.3,95.66,57.39,,,3.835,3.838,3.833,3.837,3.832,3.834,3.837,3.834,3.837,3.834,3.837,3.836,3.832,3.835,3.835,3.836,25.1,24.8,25.5,25.7,24.9,25.2,24.8,25.2,25.4,25.5,25.7,25.7,25.3,25.5,24.9,25.3
2026-05-01T10:28:00,1,60.86,16.92,71.2,95.66,57.4,,,3.842,3.844,3.837,3.84,3.84,3.844,3.841,3.84,3.838,3.842,3.84,3.838,3.844,3.842,3.843,3.843,24.8,25.9,25.6,24.8,25.0,25.8,24.9,25.4,25.4,24.8,25.5,25.7,25.0,24.9,25.5,24.8
2026-05-01T10:30:00,1,61.2,18.16,72.2,95.69,57.41,,,3.848,3.848,3.843,3.845,3.843,3.847,3.846,3.847,3.849,3.846,3.85,3.852,3.85,3.847,3.849,3.853,25.4,25.9,25.9,25.4,24.7,25.6,24.8,25.7,25.2,25.3,25.7,25.0,24.8,25.1,25.4,25.1
2026-05-01T10:32:00,1,60.7,18.31,73.1,95.59,57.36,,,3.855,3.859,3.856,3.856,3.852,3.854,3.849,3.856,3.858,3.855,3.852,3.859,3.85,3.857,3.854,3.855,25.8,24.8,25.7,25.6,25.1,25.6,25.7,25.7,25.6,24.8,24.7,24.9,24.8,25.3,25.0,25.5
2026-05-01T10:34:00,1,61.24,16.78,74.1,95.6,57.36,,,3.857,3.865,3.861,3.86,3.859,3.858,3.858,3.861,3.855,3.86,3.858,3.863,3.863,3.858,3.859,3.858,25.6,25.8,25.3,25.1,25.8,24.9,25.4,24.7,24.9,25.4,25.4,24.9,25.3,24.8,24.8,25.5
2026-05-01T10:36:00,1,61.91,18.09,75.0,95.6,57.36,,,3.869,3.866,3.862,3.869,3.865,3.865,3.869,3.867,3.863,3.869,3.862,3.862,3.865,3.872,3.862,3.87,25.6,25.3,25.4,25.6,25.5,24.9,25.9,25.8,25.3,25.1,25.5,25.5,25.4,25.2,25.8,25.4
2026-05-01T10:38:00,1,61.55,18.06,75.9,95.6,57.36,,,3.872,3.87,3.872,3.87,3.868,3.873,3.869,3.867,3.874,3.875,3.873,3.873,3.872,3.876,3.869,3.868,25.2,25.4,25.6,25.7,25.7,25.4,25.4,25.9,25.1,25.2,25.7,25.7,25.2,25.9,24.7,25.7
2026-05-01T10:40:00,1,62.13,16.16,76.9,95.6,57.36,,,3.878,3.874,3.876,3.874,3.875,3.879,3.875,3.881,3.88,3.876,3.876,3.877,3.875,3.878,3.881,3.881,25.5,25.7,25.4,25.6,25.2,25.8,24.9,24.8,25.6,24.9,24.7,25.0,25.4,24.6,25.4,24.7
2026-05-01T10:42:00,1,61.74,17.09,77.8,95.57,57.34,,,3.882,3.887,3.886,3.888,3.887,3.885,3.883,3.889,3.891,3.887,3.888,3.888,3.885,3.891,3.886,3.886,25.5,24.9,25.4,25.7,24.7,25.1,25.7,25.0,24.7,25.1,25.7,25.1,24.8,25.0,25.6,25.8
2026-05-01T10:44:00,1,61.68,16.51,78.7,95.6,57.36,,,3.895,3.893,3.888,3.897,3.894,3.89,3.888,3.894,3.896,3.893,3.887,3.893,3.896,3.894,3.889,3.891,25.6,25.6,25.0,25.6,24.8,25.3,25.0,25.7,25.4,24.7,24.9,25.4,25.1,25.5,25.2,25.2
2026-05-01T10:46:00,1,62.79,15.22,79.7,95.55,57.33,,,3.897,3.899,3.903,3.897,3.898,3.896,3.896,3.902,3.896,3.901,3.895,3.898,3.897,3.9,3.901,3.896,24.8,25.7,25.0,24.9,25.0,25.5,25.4,24.7,25.5,24.9,25.7,25.6,25.6,25.4,25.8,24.7
2026-05-01T10:48:00,1,61.85,15.66,80.8,95.53,57.32,,,3.905,3.909,3.909,3.91,3.908,3.912,3.914,3.908,3.907,3.906,3.906,3.91,3.908,3.907,3.911,3.91,25.1,25.3,25.6,25.7,25.6,25.2,25.4,25.0,25.3,25.0,25.0,25.2,24.6,25.6,25.3,25.1
2026-05-01T10:50:00,1,62.55,17.47,81.8,95.56,57.33,,,3.917,3.92,3.924,3.921,3.919,3.921,3.923,3.921,3.918,3.923,3.925,3.919,3.921,3.919,3.92,3.923,25.4,25.3,24.8,25.0,25.2,25.4,25.0,25.7,25.1,25.8,25.5,24.7,25.7,25.0,24.8,24.9
2026-05-01T10:52:00,1,63.06,16.78,82.7,95.49,57.29,,,3.931,3.935,3.935,3.933,3.936,3.934,3.935,3.933,3.929,3.932,3.932,3.932,3.934,3.935,3.933,3.934,24.7,25.1,24.9,25.3,25.5,25.4,25.5,25.5,25.3,24.7,25.0,25.7,25.7,25.6,25.0,25.4
2026-05-01T10:54:00,1,62.62,16.18,83.6,95.49,57.29,,,3.944,3.942,3.941,3.943,3.949,3.945,3.944,3.941,3.944,3.941,3.946,3.948,3.945,3.943,3.948,3.945,24.8,25.2,25.3,25.3,25.7,25.2,25.7,25.6,25.6,25.4,25.0,25.3,25.6,25.4,25.7,25.5
2026-05-01T10:56:00,1,62.87,15.08,84.6,95.48,57.29,,,3.955,3.958,3.96,3.955,3.959,3.955,3.957,3.96,3.96,3.959,3.961,3.961,3.956,3.958,3.957,3.958,24.8,25.4,25.2,25.2,24.6,25.1,25.4,25.2,25.3,25.2,25.7,25.2,25.4,25.3,25.7,24.9
2026-05-01T10:58:00,1,62.95,17.24,85.6,95.5,57.3,,,3.965,3.969,3.971,3.966,3.969,3.97,3.97,3.967,3.967,3.97,3.973,3.975,3.966,3.969,3.968,3.974,25.7,25.1,25.2,25.7,24.8,25.4,25.6,25.1,25.1,25.0,25.6,25.3,25.3,24.8,25.6,24.7
2026-05-01T11:00:00,2,64.48,-35.37,85.0,96.03,57.62,28.6139,77.209,3.965,3.959,3.964,3.968,3.829,3.962,3.964,3.962,3.961,3.966,3.962,3.962,3.962,3.963,3.962,3.964,25.6,26.0,26.5,26.7,26.4,25.7,26.6,26.7,26.1,26.2,25.6,26.7,26.4,25.7,26.3,26.5
2026-05-01T11:02:00,2,64.25,-37.85,84.4,96.01,57.61,28.613913,77.209102,3.958,3.96,3.956,3.957,3.824,3.958,3.96,3.955,3.958,3.95,3.955,3.957,3.955,3.955,3.955,3.955,25.9,25.9,26.4,25.7,25.7,25.7,26.4,26.9,26.2,26.5,26.2,26.3,26.3,26.1,26.3,26.5
2026-05-01T11:04:00,2,64.15,-40.05,83.8,96.02,57.61,28.613951,77.2092,3.95,3.944,3.946,3.947,3.811,3.948,3.951,3.947,3.949,3.95,3.951,3.946,3.952,3.947,3.95,3.943,27.0,27.0,26.3,26.6,27.0,26.1,26.7,25.9,26.4,26.4,26.5,26.0,26.8,26.0,26.0,27.0
2026-05-01T11:06:00,2,63.77,-43.39,83.2,96.01,57.6,28.614013,77.209288,3.944,3.937,3.943,3.942,3.807,3.94,3.94,3.94,3.942,3.936,3.938,3.939,3.942,3.944,3.94,3.942,27.0,26.9,26.8,26.7,26.5,26.6,26.1,26.5,26.4,27.2,27.2,26.7,26.7,26.7,26.9,27.2
2026-05-01T11:08:00,2,64.13,-43.9,82.6,95.93,57.56,28.614098,77.209362,3.929,3.934,3.931,3.936,3.795,3.935,3.935,3.936,3.936,3.935,3.932,3.929,3.931,3.934,3.93,3.931,26.2,26.5,26.2,27.0,26.2,26.4,26.3,26.5,27.1,26.6,26.5,26.3,26.5,26.9,26.7,26.3
2026-05-01T11:10:00,2,63.9,-44.69,82.0,95.92,57.55,28.614202,77.209418,3.923,3.924,3.928,3.92,3.79,3.922,3.924,3.926,3.926,3.919,3.921,3.927,3.923,3.919,3.923,3.925,26.7,27.1,26.4,26.7,27.0,26.7,26.5,26.5,27.3,26.8,26.3,27.3,26.3,26.9,27.0,26.6
2026-05-01T11:12:00,2,63.57,-48.4,81.4,95.93,57.56,28.614322,77.209453,3.916,3.919,3.917,3.919,3.778,3.917,3.915,3.914,3.913,3.919,3.915,3.919,3.913,3.919,3.916,3.918,27.1,27.0,27.0,26.7,27.2,27.3,27.5,27.3,27.2,26.8,27.7,27.4,27.0,27.0,26.6,26.9
2026-05-01T11:14:00,2,64.03,-50.81,80.8,95.92,57.55,28.614454,77.209463,3.905,3.912,3.91,3.91,3.768,3.913,3.914,3.914,3.911,3.911,3.911,3.912,3.911,3.908,3.909,3.907,27.4,26.7,27.0,27.4,27.0,27.3,26.7,27.1,27.5,27.7,27.1,26.9,27.3,27.8,27.8,27.5
2026-05-01T11:16:00,2,63.19,-47.05,80.2,95.96,57.58,28.614594,77.209446,3.9,3.899,3.901,3.905,3.762,3.905,3.898,3.899,3.905,3.901,3.897,3.905,3.9,3.898,3.906,3.905,27.3,26.8,26.8,27.1,26.7,26.5,27.0,27.1,27.1,27.0,27.1,27.6,26.4,26.4,26.8,26.4
2026-05-01T11:18:00,2,63.55,-48.21,79.5,95.88,57.53,28.614737,77.2094,3.894,3.895,3.897,3.897,3.752,3.896,3.898,3.898,3.9,3.896,3.901,3.892,3.895,3.899,3.898,3.893,27.0,27.5,26.7,27.0,27.1,27.6,26.5,27.1,26.6,27.2,26.5,27.1,27.2,26.8,27.3,27.2
2026-05-01T11:20:00,2,63.24,-50.43,78.9,95.95,57.57,28.614878,77.209325,3.894,3.893,3.896,3.895,3.745,3.889,3.894,3.897,3.892,3.89,3.889,3.892,3.89,3.892,3.888,3.897,27.6,26.9,27.5,27.5,27.8,26.7,27.8,26.9,27.8,27.4,26.9,27.6,26.8,27.1,26.9,27.5
2026-05-01T11:22:00,2,63.24,-52.85,78.3,95.89,57.54,28.615012,77.209221,3.888,3.889,3.894,3.886,3.742,3.888,3.887,3.889,3.884,3.892,3.889,3.888,3.892,3.892,3.887,3.884,27.9,27.1,27.2,27.7,27.1,27.3,28.0,27.4,27.7,27.9,27.2,27.9,27.9,28.1,27.0,27.8
2026-05-01T11:24:00,2,63.96,-56.54,77.7,95.91,57.55,28.615134,77.209088,3.889,3.885,3.889,3.886,3.736,3.88,3.883,3.884,3.88,3.881,3.883,3.884,3.884,3.884,3.889,3.889,27.9,28.3,28.1,27.8,27.6,28.3,27.7,28.0,28.0,28.2,27.9,28.4,27.3,27.4,27.8,27.7
2026-05-01T11:26:00,2,63.16,-54.64,77.0,95.87,57.52,28.615238,77.208927,3.878,3.878,3.878,3.883,3.729,3.879,3.879,3.877,3.88,3.876,3.88,3.879,3.876,3.875,3.883,3.885,28.0,27.7,27.5,28.0,27.9,27.4,27.5,27.7,27.7,27.7,28.1,27.7,27.4,27.7,27.5,27.8
2026-05-01T11:28:00,2,63.1,-57.18,76.4,95.85,57.51,28.61532,77.208743,3.874,3.875,3.879,3.873,3.724,3.875,3.88,3.874,3.876,3.877,3.873,3.879,3.873,3.871,3.876,3.876,27.5,27.3,28.2,27.5,28.1,27.8,28.3,28.0,28.5,27.9,27.5,27.7,28.2,27.6,28.5,27.8
2026-05-01T11:30:00,2,63.32,-56.85,75.8,95.9,57.54,28.615375,77.208537,3.87,3.87,3.873,3.867,3.72,3.876,3.876,3.868,3.871,3.87,3.872,3.868,3.869,3.877,3.869,3.875,27.3,28.0,28.0,28.1,27.3,28.2,27.7,27.5,27.7,28.4,27.7,28.4,27.6,28.2,27.9,28.1
2026-05-01T11:32:00,2,62.62,-56.63,75.2,95.83,57.5,28.6154,77.208314,3.867,3.863,3.872,3.87,3.715,3.872,3.871,3.871,3.872,3.866,3.865,3.865,3.863,3.871,3.868,3.868,27.9,27.6,27.6,27.6,27.9,28.4,28.4,27.7,28.5,28.1,27.6,28.3,28.1,28.2,27.9,27.8
2026-05-01T11:34:00,2,62.71,-54.92,74.6,95.85,57.51,28.61539,77.208078,3.865,3.863,3.863,3.866,3.715,3.862,3.863,3.866,3.864,3.862,3.862,3.862,3.867,3.869,3.862,3.862,27.5,27.3,27.4,27.8,28.1,28.0,27.5,27.6,28.0,27.7,27.9,27.3,27.9,27.7,27.7,27.2
2026-05-01T11:36:00,2,62.38,-55.32,73.9,95.79,57.47,28.615344,77.207834,3.862,3.859,3.857,3.859,3.707,3.863,3.857,3.86,3.857,3.861,3.856,3.862,3.857,3.861,3.864,3.863,27.5,27.4,27.7,27.4,27.3,28.3,27.3,28.3,28.0,27.8,28.1,27.2,27.9,28.2,27.4,27.8
2026-05-01T11:38:00,2,62.62,-52.9,73.2,95.84,57.5,28.615259,77.207589,3.855,3.853,3.855,3.852,3.705,3.858,3.856,3.856,3.854,3.854,3.859,3.855,3.856,3.849,3.852,3.858,27.3,28.0,27.6,28.0,27.5,27.8,27.8,28.1,27.5,28.0,27.6,27.9,27.1,27.3,27.6,27.9
2026-05-01T11:40:00,2,62.03,-54.79,72.6,95.77,57.46,28.615134,77.207348,3.85,3.848,3.854,3.853,3.697,3.853,3.852,3.851,3.849,3.855,3.854,3.853,3.854,3.848,3.853,3.846,28.3,27.3,27.8,27.8,27.7,27.4,27.1,27.8,27.5,27.6,27.3,28.2,27.7,28.2,27.6,28.3
2026-05-01T11:42:00,2,62.67,-54.14,72.1,95.84,57.5,28.614969,77.207118,3.845,3.849,3.851,3.848,3.689,3.85,3.849,3.845,3.844,3.848,3.843,3.846,3.848,3.845,3.847,3.846,27.7,28.1,27.9,27.9,28.0,28.0,27.8,27.1,27.2,27.1,27.3,27.9,28.2,28.0,27.7,27.0
2026-05-01T11:44:00,2,62.66,-53.91,71.4,95.79,57.47,28.614766,77.206904,3.846,3.842,3.844,3.841,3.687,3.843,3.843,3.838,3.845,3.841,3.847,3.84,3.842,3.842,3.843,3.839,27.3,27.2,27.8,27.9,27.6,27.8,27.7,27.2,27.1,27.5,27.1,27.5,27.8,28.2,27.1,28.1
2026-05-01T11:46:00,2,61.93,-47.58,70.8,95.75,57.45,28.614525,77.206713,3.834,3.84,3.837,3.835,3.682,3.84,3.839,3.841,3.844,3.84,3.843,3.842,3.84,3.836,3.84,3.841,27.1,27.5,26.5,27.2,26.9,27.6,26.9,26.8,27.6,27.6,26.5,26.8,27.6,26.8,26.7,26.6
2026-05-01T11:48:00,2,62.21,-47.02,70.2,95.79,57.47,28.614249,77.206551,3.831,3.838,3.836,3.837,3.678,3.833,3.834,3.836,3.834,3.835,3.831,3.833,3.832,3.832,3.831,3.834,26.5,26.9,27.2,27.5,27.5,27.2,27.1,26.7,26.6,26.8,27.1,26.6,26.4,27.6,27.1,26.9
2026-05-01T11:50:00,2,62.36,-48.32,69.7,95.73,57.44,28.613943,77.206423,3.832,3.83,3.834,3.836,3.675,3.827,3.831,3.832,3.829,3.835,3.828,3.834,3.83,3.83,3.832,3.83,27.2,26.7,26.8,27.5,27.5,26.7,26.6,27.5,26.9,27.0,27.5,26.9,26.9,27.4,27.1,27.7
2026-05-01T11:52:00,2,61.72,-43.03,69.1,95.76,57.46,28.61361,77.206335,3.832,3.829,3.828,3.827,3.67,3.827,3.827,3.83,3.829,3.832,3.824,3.832,3.828,3.827,3.825,3.828,26.7,26.8,26.8,26.2,27.2,26.5,26.9,26.8,26.7,26.9,26.2,27.1,26.9,26.6,27.0,27.1
2026-05-01T11:54:00,2,61.79,-44.64,68.4,95.78,57.47,28.613256,77.206292,3.822,3.827,3.825,3.823,3.66,3.822,3.82,3.821,3.825,3.821,3.82,3.825,3.823,3.823,3.821,3.821,27.3,27.0,26.6,26.9,27.0,27.3,26.7,26.7,26.8,27.3,27.1,26.4,27.1,27.3,26.6,27.4
2026-05-01T11:56:00,2,61.55,-42.68,67.8,95.69,57.41,28.612887,77.206297,3.822,3.819,3.821,3.821,3.657,3.817,3.824,3.82,3.817,3.821,3.82,3.815,3.816,3.82,3.815,3.819,27.1,26.3,26.4,27.2,26.9,26.5,26.7,26.8,26.2,27.0,26.6,27.2,27.1,26.3,26.4,26.7
2026-05-01T11:58:00,2,61.7,-37.22,67.3,95.75,57.45,28.61251,77.206353,3.817,3.817,3.812,3.819,3.656,3.812,3.812,3.816,3.81,3.811,3.813,3.811,3.818,3.818,3.812,3.813,25.9,26.8,26.6,26.0,26.0,25.9,26.0,25.7,26.3,25.9,26.8,26.3,26.1,25.9,25.9,26.6
2026-05-01T12:00:00,2,61.6,-35.09,66.7,95.67,57.4,28.612132,77.206462,3.814,3.815,3.807,3.81,3.647,3.812,3.811,3.807,3.809,3.813,3.813,3.814,3.817,3.809,3.807,3.809,25.8,26.3,26.4,26.1,26.3,26.5,25.7,26.7,25.7,25.9,26.4,26.2,26.7,26.0,25.9,26.1
2026-05-01T12:02:00,2,62.04,-33.99,66.0,95.66,57.39,28.611761,77.206626,3.807,3.81,3.805,3.806,3.65,3.808,3.803,3.805,3.807,3.804,3.808,3.811,3.807,3.806,3.81,3.802,25.9,26.1,26.4,26.5,25.5,25.9,26.5,26.0,26.4,26.2,25.6,26.4,26.6,25.5,26.2,26.2
2026-05-01T12:04:00,2,61.96,-39.1,65.4,95.65,57.39,28.611403,77.206844,3.8,3.804,3.8,3.8,3.647,3.801,3.805,3.801,3.8,3.804,3.801,3.804,3.803,3.799,3.802,3.801,26.7,26.5,26.0,26.5,26.4,25.9,25.9,26.4,26.8,26.3,25.9,25.8,26.6,26.3,26.4,25.9
2026-05-01T12:06:00,2,61.79,-37.0,64.8,95.71,57.43,28.611068,77.207115,3.796,3.799,3.8,3.797,3.636,3.802,3.793,3.796,3.804,3.799,3.801,3.796,3.795,3.798,3.797,3.793,25.7,25.7,26.0,26.7,26.3,26.0,25.7,26.2,25.9,26.5,25.6,26.1,25.6,26.4,25.9,26.4
2026-05-01T12:08:00,2,62.02,-42.63,64.2,95.67,57.4,28.610763,77.207436,3.798,3.791,3.794,3.799,3.637,3.791,3.797,3.794,3.793,3.794,3.792,3.796,3.797,3.798,3.795,3.799,26.2,27.2,26.5,26.2,26.6,26.9,27.1,26.5,26.5,26.1,27.2,26.8,27.2,26.6,27.0,26.2
2026-05-01T12:10:00,2,61.28,-39.53,63.6,95.65,57.39,28.610495,77.207806,3.789,3.794,3.79,3.792,3.631,3.791,3.795,3.795,3.791,3.791,3.788,3.787,3.79,3.786,3.789,3.789,26.4,26.5,26.7,26.1,26.5,26.2,26.5,25.9,26.6,27.0,25.8,26.3,26.2,26.8,26.9,26.3
2026-05-01T12:12:00,2,61.4,-46.08,63.0,95.63,57.38,28.610272,77.208218,3.789,3.789,3.788,3.788,3.624,3.789,3.784,3.783,3.785,3.791,3.787,3.784,3.782,3.789,3.785,3.788,27.1,26.5,27.4,27.5,26.4,26.5,26.4,26.9,27.5,27.1,27.4,26.8,27.4,27.3,26.5,27.1
2026-05-01T12:14:00,2,61.21,-42.74,62.3,95.67,57.4,28.6101,77.208667,3.784,3.783,3.786,3.78,3.624,3.778,3.785,3.783,3.78,3.783,3.783,3.786,3.78,3.782,3.783,3.784,26.8,27.1,27.2,26.7,26.9,27.0,27.0,26.1,27.1,26.5,26.2,27.1,26.3,26.1,26.4,26.4
2026-05-01T12:16:00,2,61.7,-49.77,61.6,95.62,57.37,28.609985,77.209147,3.783,3.774,3.78,3.775,3.617,3.78,3.777,3.776,3.78,3.775,3.779,3.775,3.778,3.777,3.775,3.782,26.7,27.0,27.2,27.1,27.7,27.5,26.7,26.8,27.4,27.3,27.5,27.1,27.0,27.3,27.5,27.8
2026-05-01T12:18:00,2,61.09,-48.24,60.9,95.59,57.35,28.609932,77.209651,3.773,3.77,3.776,3.773,3.61,3.771,3.778,3.771,3.775,3.77,3.772,3.776,3.777,3.776,3.776,3.773,27.4,27.1,26.7,26.9,27.4,26.5,27.5,27.5,26.9,26.6,27.1,27.3,26.7,27.5,26.7,27.7
2026-05-01T12:20:00,2,61.17,-49.44,60.3,95.64,57.38,28.609946,77.21017,3.768,3.77,3.769,3.771,3.609,3.766,3.772,3.772,3.767,3.772,3.77,3.768,3.765,3.768,3.768,3.774,27.2,27.3,27.0,26.7,27.3,27.5,27.1,27.2,27.2,27.2,27.0,27.4,27.5,27.3,27.2,27.5
2026-05-01T12:22:00,2,61.22,-51.96,59.6,95.59,57.36,28.610028,77.210695,3.767,3.761,3.766,3.765,3.607,3.762,3.765,3.769,3.763,3.767,3.764,3.768,3.766,3.767,3.767,3.764,27.8,27.1,27.8,26.8,27.6,27.8,28.0,27.3,27.5,27.5,27.6,27.0,27.8,27.5,27.0,28.0
2026-05-01T12:24:00,2,61.19,-50.13,59.0,95.56,57.34,28.610181,77.211217,3.762,3.758,3.758,3.766,3.606,3.759,3.756,3.762,3.76,3.758,3.764,3.757,3.765,3.761,3.758,3.758,26.8,27.2,27.4,27.0,26.9,27.1,27.6,27.5,26.9,27.4,26.8,27.1,27.0,27.4,27.0,27.6
2026-05-01T12:26:00,2,61.18,-54.14,58.4,95.62,57.37,28.610405,77.211727,3.754,3.757,3.757,3.752,3.6,3.755,3.755,3.754,3.754,3.758,3.76,3.754,3.753,3.759,3.754,3.756,27.7,27.3,27.0,28.0,27.7,27.7,27.8,27.3,28.2,27.6,27.4,27.2,28.1,27.5,28.1,27.3
2026-05-01T12:28:00,2,61.34,-55.5,57.7,95.55,57.33,28.6107,77.212215,3.753,3.748,3.747,3.753,3.602,3.751,3.754,3.752,3.753,3.754,3.748,3.755,3.752,3.752,3.747,3.756,27.2,27.9,28.3,28.3,27.3,27.9,27.3,28.0,28.3,27.4,27.7,27.3,28.2,28.0,27.5,27.5
2026-05-01T12:30:00,2,61.35,-55.82,57.2,95.53,57.32,28.611062,77.21267,3.745,3.748,3.745,3.743,3.592,3.75,3.746,3.747,3.748,3.749,3.752,3.747,3.751,3.742,3.751,3.752,28.2,28.1,28.3,27.7,28.3,28.3,27.2,28.1,28.0,28.0,27.7,27.8,27.7,28.3,27.7,28.1
2026-05-01T12:32:00,2,61.61,-55.86,56.6,95.57,57.34,28.61149,77.213084,3.74,3.747,3.747,3.743,3.591,3.747,3.749,3.748,3.744,3.742,3.74,3.744,3.749,3.746,3.746,3.742,27.5,27.6,28.2,27.8,28.1,27.9,28.0,27.4,27.7,27.8,28.0,27.5,27.6,28.1,27.6,27.4
2026-05-01T12:34:00,2,60.67,-55.07,56.0,95.49,57.29,28.611977,77.213447,3.742,3.738,3.742,3.741,3.589,3.742,3.739,3.741,3.741,3.744,3.74,3.738,3.738,3.737,3.743,3.74,28.1,27.3,28.1,27.3,27.3,28.2,27.8,27.7,27.3,28.0,27.4,28.0,28.2,28.2,27.7,27.5
2026-05-01T12:36:00,2,60.62,-52.63,55.4,95.55,57.33,28.612517,77.213751,3.737,3.737,3.736,3.736,3.582,3.734,3.736,3.738,3.737,3.731,3.733,3.738,3.736,3.735,3.734,3.73,27.8,27.1,28.0,27.3,27.8,27.0,27.7,27.2,27.6,27.8,28.0,27.0,27.7,27.3,27.0,27.0
2026-05-01T12:38:00,2,60.96,-52.48,54.8,95.56,57.33,28.613104,77.213988,3.732,3.733,3.731,3.733,3.585,3.73,3.735,3.732,3.734,3.731,3.735,3.733,3.737,3.732,3.729,3.73,27.3,27.5,27.8,27.8,27.2,27.5,27.2,27.0,27.7,27.0,27.8,27.6,27.9,27.6,27.3,27.2
2026-05-01T12:40:00,2,60.53,-55.81,54.2,95.53,57.32,28.613729,77.214152,3.732,3.728,3.727,3.726,3.576,3.73,3.726,3.728,3.722,3.725,3.73,3.725,3.729,3.729,3.731,3.725,27.9,27.8,27.8,27.7,27.5,27.8,27.5,27.7,27.4,27.8,27.6,28.4,27.3,27.6,28.0,28.1
2026-05-01T12:42:00,2,60.43,-55.44,53.6,95.54,57.32,28.614382,77.214236,3.724,3.726,3.728,3.727,3.575,3.722,3.722,3.724,3.721,3.72,3.725,3.728,3.726,3.721,3.724,3.726,27.6,27.5,27.3,28.3,28.2,27.6,27.7,27.5,28.0,27.4,27.5,28.1,28.3,28.2,27.4,28.2
2026-05-01T12:44:00,2,60.18,-50.51,52.9,95.51,57.31,28.615053,77.214235,3.715,3.716,3.719,3.721,3.575,3.72,3.719,3.715,3.724,3.72,3.719,3.718,3.714,3.718,3.72,3.715,27.7,27.3,26.9,27.0,27.0,27.2,27.4,27.6,27.4,27.0,27.0,27.4,27.4,27.8,27.0,27.0
2026-05-01T12:46:00,2,60.33,-50.38,52.2,95.52,57.31,28.615731,77.214148,3.718,3.714,3.709,3.714,3.568,3.716,3.714,3.71,3.714,3.716,3.715,3.714,3.718,3.715,3.717,3.714,26.9,26.8,27.7,27.5,26.9,26.8,27.5,26.8,27.3,27.9,27.9,27.0,27.9,26.8,27.2,27.8
2026-05-01T12:48:00,2,60.47,-51.39,51.6,95.46,57.27,28.616405,77.213971,3.71,3.707,3.709,3.706,3.566,3.711,3.71,3.707,3.709,3.713,3.71,3.712,3.709,3.709,3.707,3.711,26.8,27.9,27.9,28.0,27.0,27.3,26.9,26.8,27.3,27.1,27.1,27.3,27.0,27.6,27.5,26.9
2026-05-01T12:50:00,2,60.27,-50.51,51.0,95.41,57.25,28.617063,77.213706,3.71,3.706,3.706,3.707,3.566,3.708,3.703,3.708,3.709,3.71,3.708,3.706,3.707,3.706,3.709,3.706,26.9,27.0,26.8,27.2,27.1,27.7,27.5,26.9,27.3,26.8,27.0,27.3,27.3,27.1,27.3,26.8
2026-05-01T12:52:00,2,59.88,-48.29,50.4,95.42,57.25,28.617693,77.213352,3.706,3.7,3.702,3.7,3.559,3.702,3.702,3.708,3.699,3.702,3.704,3.704,3.704,3.701,3.702,3.706,27.2,27.7,26.8,27.2,27.2,26.7,26.6,26.8,26.6,27.5,27.7,27.3,26.8,27.2,26.7,26.9
2026-05-01T12:54:00,2,59.9,-43.67,49.8,95.39,57.23,28.618283,77.212914,3.699,3.7,3.699,3.702,3.558,3.697,3.702,3.7,3.694,3.697,3.697,3.703,3.697,3.699,3.7,3.702,27.2,26.3,26.9,27.1,26.3,27.2,26.2,26.6,26.5,26.7,26.6,27.0,26.9,26.2,26.3,27.1
2026-05-01T12:56:00,2,59.44,-43.25,49.2,95.45,57.27,28.618822,77.212396,3.695,3.696,3.696,3.695,3.556,3.689,3.695,3.695,3.689,3.699,3.691,3.694,3.694,3.694,3.692,3.691,26.4,27.2,26.8,26.3,26.7,26.7,27.0,26.4,27.0,26.4,26.9,27.1,26.8,27.1,27.0,26.6
2026-05-01T12:58:00,2,59.78,-43.42,48.5,95.39,57.23,28.619298,77.211803,3.691,3.689,3.693,3.691,3.552,3.688,3.689,3.686,3.692,3.693,3.686,3.686,3.691,3.69,3.689,3.691,26.9,26.2,27.2,26.9,27.1,26.8,26.8,26.6,26.2,26.7,27.3,26.9,27.3,26.5,26.2,26.7
2026-05-01T13:00:00,2,59.92,-39.12,47.9,95.43,57.26,28.619702,77.211144,3.688,3.684,3.684,3.683,3.552,3.69,3.688,3.689,3.69,3.686,3.683,3.685,3.689,3.682,3.69,3.684,25.9,26.7,26.4,26.9,26.5,26.1,26.4,26.4,26.6,26.0,26.3,26.7,26.1,26.8,25.8,25.8
2026-05-01T13:02:00,2,59.34,-39.23,47.3,95.36,57.22,28.620025,77.210427,3.685,3.683,3.686,3.687,3.548,3.681,3.68,3.682,3.684,3.688,3.679,3.684,3.687,3.687,3.68,3.683,25.9,26.2,25.9,26.3,26.7,26.7,25.9,25.8,25.8,26.8,26.3,26.7,26.5,26.9,26.3,26.8
2026-05-01T13:04:00,2,59.67,-38.74,46.7,95.34,57.2,28.620257,77.209663,3.679,3.675,3.674,3.675,3.545,3.68,3.679,3.679,3.673,3.68,3.676,3.672,3.679,3.682,3.675,3.677,26.6,26.9,26.9,25.8,26.0,25.9,26.0,26.8,26.6,26.4,26.1,26.6,26.8,26.2,25.9,26.9
2026-05-01T13:06:00,2,59.7,-34.51,46.0,95.33,57.2,28.620393,77.208863,3.674,3.676,3.67,3.678,3.542,3.674,3.673,3.675,3.671,3.671,3.678,3.676,3.672,3.67,3.671,3.671,25.8,26.0,26.5,25.8,25.7,26.0,26.1,26.6,25.9,26.0,26.1,26.1,26.0,26.6,25.5,26.6
2026-05-01T13:08:00,2,59.73,-34.61,45.3,95.35,57.21,28.620428,77.20804,3.672,3.665,3.667,3.67,3.536,3.672,3.666,3.666,3.668,3.672,3.67,3.667,3.67,3.667,3.671,3.671,26.2,25.9,25.7,25.8,26.3,26.0,26.0,25.7,26.1,25.9,25.5,25.8,25.6,25.7,26.4,26.3
2026-05-01T13:10:00,2,59.3,-40.22,44.7,95.38,57.23,28.620356,77.207206,3.661,3.662,3.669,3.666,3.539,3.669,3.666,3.664,3.665,3.663,3.665,3.663,3.662,3.663,3.665,3.663,27.0,26.1,26.0,26.2,26.4,26.8,26.1,26.5,25.9,27.0,26.4,25.9,26.1,26.9,26.5,26.3
2026-05-01T13:12:00,2,59.2,-42.26,44.1,95.31,57.19,28.620178,77.206375,3.658,3.66,3.662,3.66,3.535,3.662,3.662,3.662,3.659,3.66,3.663,3.663,3.664,3.66,3.661,3.659,26.4,26.3,27.0,27.2,26.4,27.1,26.8,27.0,26.6,27.0,26.7,27.0,26.4,26.6,26.9,26.6
2026-05-01T13:14:00,2,59.02,-43.97,43.5,95.36,57.22,28.619891,77.205562,3.659,3.658,3.656,3.661,3.533,3.657,3.655,3.658,3.659,3.651,3.652,3.656,3.652,3.661,3.655,3.658,27.1,27.3,26.7,26.4,26.5,26.6,26.4,26.3,27.1,27.0,26.6,27.0,26.7,26.7,26.5,26.7
2026-05-01T13:16:00,2,59.26,-47.72,42.9,95.34,57.21,28.619498,77.20478,3.652,3.654,3.655,3.648,3.532,3.654,3.656,3.649,3.654,3.654,3.647,3.654,3.653,3.655,3.655,3.65,27.4,26.9,27.0,26.5,27.6,26.7,26.8,27.4,27.1,26.5,26.5,27.0,27.1,27.4,27.2,26.5
2026-05-01T13:18:00,2,59.11,-45.04,42.3,95.34,57.21,28.619002,77.204043,3.647,3.65,3.646,3.652,3.525,3.652,3.646,3.652,3.647,3.65,3.647,3.649,3.649,3.647,3.651,3.651,26.6,27.1,26.4,26.6,26.3,26.4,27.0,26.7,27.3,26.5,26.4,27.2,26.8,26.6,27.3,27.1
2026-05-01T13:20:00,2,59.35,-45.67,41.7,95.33,57.2,28.618408,77.203365,3.642,3.64,3.646,3.647,3.523,3.646,3.648,3.643,3.645,3.642,3.645,3.642,3.644,3.643,3.646,3.648,26.7,26.6,26.8,26.3,26.5,27.1,27.4,27.4,27.2,26.5,27.0,26.7,26.5,26.8,26.5,26.4
2026-05-01T13:22:00,2,58.93,-50.92,41.1,95.29,57.18,28.617724,77.202759,3.638,3.643,3.642,3.639,3.525,3.637,3.638,3.638,3.638,3.639,3.643,3.644,3.644,3.639,3.644,3.638,26.9,26.9,27.3,27.6,27.6,26.8,27.3,27.1,27.6,27.2,26.8,27.2,27.7,27.9,27.2,26.9
2026-05-01T13:24:00,2,59.6,-49.67,40.5,95.29,57.18,28.616959,77.202237,3.639,3.639,3.634,3.635,3.517,3.637,3.64,3.639,3.636,3.637,3.639,3.635,3.639,3.639,3.64,3.639,27.8,27.7,27.2,27.2,27.7,26.9,27.5,27.5,27.2,27.0,27.6,27.6,27.6,27.7,27.1,27.5
2026-05-01T13:26:00,2,58.96,-49.15,39.9,95.22,57.13,28.616122,77.20181,3.634,3.628,3.633,3.631,3.515,3.631,3.632,3.631,3.634,3.638,3.63,3.632,3.634,3.636,3.631,3.632,27.6,27.5,27.7,26.7,26.8,27.2,27.0,26.8,27.2,27.5,26.9,26.6,27.7,26.9,27.3,27.8
2026-05-01T13:28:00,2,59.1,-55.96,39.3,95.29,57.17,28.615227,77.201487,3.626,3.626,3.63,3.632,3.514,3.629,3.627,3.632,3.628,3.633,3.625,3.63,3.629,3.624,3.631,3.627,27.8,27.7,28.3,27.8,28.1,28.4,27.7,27.9,27.5,27.5,27.9,27.7,27.5,27.5,27.6,27.6
2026-05-01T13:30:00,2,59.1,-51.45,38.6,95.26,57.16,28.614285,77.201278,3.624,3.623,3.625,3.629,3.509,3.626,3.62,3.622,3.628,3.622,3.624,3.624,3.626,3.625,3.629,3.625,27.2,27.7,26.8,27.6,27.7,27.0,27.3,26.8,27.4,27.9,27.5,27.4,26.8,27.7,27.2,27.2
2026-05-01T13:32:00,2,58.79,-54.1,38.0,95.23,57.14,28.613311,77.201187,3.622,3.619,3.623,3.622,3.505,3.623,3.621,3.624,3.624,3.617,3.622,3.624,3.623,3.62,3.623,3.62,27.1,27.5,27.9,27.5,27.5,27.3,28.2,28.1,27.8,27.0,27.3,28.2,27.8,27.2,28.2,27.1
2026-05-01T13:34:00,2,59.09,-52.41,37.4,95.22,57.13,28.612321,77.20122,3.619,3.614,3.614,3.615,3.506,3.618,3.615,3.618,3.618,3.615,3.613,3.616,3.619,3.613,3.62,3.62,28.0,28.0,27.7,28.0,27.5,28.0,27.8,26.9,27.8,27.2,28.0,27.4,27.7,26.9,27.2,27.1
2026-05-01T13:36:00,2,59.17,-56.48,36.9,95.25,57.15,28.611331,77.20138,3.612,3.61,3.607,3.608,3.502,3.615,3.609,3.614,3.613,3.613,3.61,3.609,3.612,3.617,3.613,3.609,27.9,27.8,28.2,27.9,27.7,27.8,27.7,27.6,28.1,27.8,28.0,28.0,27.3,27.7,27.9,28.3
2026-05-01T13:38:00,2,58.91,-54.78,36.3,95.24,57.14,28.610356,77.201667,3.609,3.612,3.609,3.607,3.501,3.606,3.607,3.613,3.605,3.61,3.606,3.611,3.609,3.606,3.612,3.608,27.4,27.8,28.1,27.6,27.3,28.1,27.8,28.3,28.3,27.3,28.0,27.5,27.6,27.3,27.9,27.4
2026-05-01T13:40:00,2,59.34,-56.25,35.7,95.16,57.1,28.609413,77.20208,3.607,3.599,3.609,3.603,3.498,3.607,3.603,3.603,3.603,3.607,3.605,3.605,3.602,3.602,3.604,3.603,28.4,28.1,28.0,27.8,27.5,27.8,27.6,27.6,28.3,28.0,28.1,27.5,27.6,27.9,28.3,27.5
2026-05-01T13:42:00,2,58.07,-55.7,35.1,95.18,57.11,28.608519,77.202614,3.597,3.599,3.597,3.603,3.494,3.604,3.598,3.602,3.6,3.598,3.599,3.6,3.599,3.605,3.598,3.599,27.3,27.4,27.2,28.1,27.6,27.5,27.9,27.8,27.7,27.8,27.3,27.3,28.0,27.6,28.1,27.2
2026-05-01T13:44:00,2,58.29,-55.75,34.5,95.16,57.09,28.607689,77.203265,3.6,3.598,3.597,3.593,3.492,3.595,3.594,3.594,3.596,3.597,3.598,3.601,3.594,3.595,3.601,3.596,27.5,27.5,27.8,28.2,27.5,27.5,28.4,28.0,27.6,27.6,27.6,27.8,28.2,27.9,27.9,27.5
2026-05-01T13:46:00,2,58.17,-54.28,33.8,95.22,57.13,28.606939,77.204024,3.594,3.591,3.592,3.594,3.484,3.592,3.596,3.596,3.591,3.593,3.592,3.591,3.598,3.593,3.596,3.593,27.5,27.5,28.2,28.1,27.1,27.7,28.2,27.7,27.3,27.3,27.6,27.7,28.1,27.9,27.3,28.2
2026-05-01T13:48:00,2,58.33,-51.71,33.2,95.17,57.1,28.606282,77.204882,3.584,3.59,3.592,3.593,3.482,3.592,3.591,3.593,3.583,3.586,3.588,3.585,3.591,3.588,3.591,3.589,27.4,27.1,26.8,27.6,27.2,27.8,26.9,26.8,27.0,27.3,27.1,27.3,27.6,27.8,27.7,27.7
2026-05-01T13:50:00,2,58.29,-49.55,32.6,95.15,57.09,28.605732,77.205827,3.584,3.589,3.583,3.589,3.484,3.584,3.58,3.581,3.587,3.585,3.584,3.588,3.584,3.588,3.587,3.583,27.7,26.9,27.4,27.6,26.6,27.0,26.6,27.6,27.4,27.5,27.3,27.8,27.8,26.7,27.0,27.6
2026-05-01T13:52:00,2,58.39,-48.72,32.0,95.14,57.08,28.6053,77.206845,3.584,3.582,3.581,3.58,3.474,3.578,3.575,3.58,3.575,3.583,3.575,3.581,3.582,3.574,3.582,3.577,27.1,27.1,27.5,27.3,27.5,26.8,27.4,26.6,27.7,27.6,27.1,27.7,27.2,27.4,27.6,27.1
2026-05-01T13:54:00,2,58.42,-48.11,31.3,95.14,57.09,28.604996,77.207921,3.577,3.573,3.573,3.573,3.476,3.575,3.573,3.571,3.581,3.57,3.575,3.57,3.573,3.573,3.576,3.575,27.0,27.2,27.3,26.6,27.2,27.0,27.2,27.5,26.8,27.0,26.9,26.9,26.9,27.1,27.4,26.9
2026-05-01T13:56:00,2,58.12,-48.9,30.7,95.1,57.06,28.604828,77.20904,3.576,3.572,3.567,3.568,3.475,3.571,3.574,3.572,3.567,3.57,3.569,3.573,3.567,3.57,3.576,3.573,27.3,27.0,27.7,27.1,27.6,27.6,26.8,27.6,27.6,27.2,27.5,26.9,27.7,26.9,26.7,27.0
2026-05-01T13:58:00,2,58.03,-47.4,30.1,95.07,57.04,28.604801,77.210184,3.57,3.564,3.57,3.564,3.464,3.565,3.564,3.567,3.568,3.568,3.572,3.564,3.565,3.563,3.57,3.568,27.0,27.5,26.7,27.0,26.9,26.8,26.6,27.2,27.3,26.5,27.2,27.6,27.2,27.2,26.5,27.5
2026-05-01T14:00:00,2,58.31,-41.96,29.5,95.12,57.07,28.60492,77.211335,3.568,3.562,3.566,3.562,3.461,3.561,3.566,3.563,3.566,3.564,3.563,3.558,3.56,3.565,3.562,3.56,26.7,26.1,26.1,26.7,26.8,26.6,26.7,26.4,26.2,26.2,26.9,26.0,26.5,26.3,26.4,26.7
2026-05-01T14:02:00,2,58.32,-42.49,28.8,95.1,57.06,28.605186,77.212475,3.555,3.559,3.559,3.557,3.453,3.555,3.557,3.557,3.556,3.558,3.557,3.561,3.56,3.56,3.554,3.555,26.9,26.6,26.2,26.2,26.8,26.2,27.0,26.9,26.4,27.0,26.9,27.1,26.4,26.8,26.8,26.5
2026-05-01T14:04:00,2,57.12,-37.95,28.2,95.07,57.04,28.605597,77.213584,3.555,3.554,3.558,3.558,3.456,3.553,3.554,3.555,3.557,3.557,3.556,3.556,3.556,3.558,3.558,3.56,26.4,25.7,26.8,26.1,26.5,26.5,26.0,26.0,25.8,26.8,26.0,26.6,26.2,26.0,26.5,26.4
2026-05-01T14:06:00,2,57.2,-36.96,27.6,95.1,57.06,28.60615,77.214644,3.551,3.553,3.552,3.549,3.456,3.549,3.554,3.548,3.546,3.549,3.554,3.546,3.55,3.55,3.553,3.548,25.7,26.5,26.4,26.4,26.1,26.6,26.7,26.0,26.0,25.7,26.0,26.8,25.9,26.5,25.8,26.4
2026-05-01T14:08:00,2,57.77,-35.29,27.1,95.01,57.01,28.606839,77.215637,3.546,3.547,3.549,3.544,3.448,3.547,3.546,3.547,3.544,3.544,3.547,3.543,3.543,3.545,3.547,3.55,26.0,26.1,26.1,26.0,26.6,26.3,26.7,25.6,26.5,26.5,26.5,25.6,26.4,25.8,25.9,26.3
2026-05-01T14:10:00,2,57.43,-39.2,26.5,95.08,57.05,28.607656,77.216545,3.542,3.541,3.545,3.542,3.444,3.545,3.544,3.542,3.544,3.54,3.542,3.544,3.544,3.539,3.544,3.542,25.8,25.9,26.3,26.4,26.9,26.5,26.4,26.3,26.7,27.0,26.1,26.5,25.8,26.0,26.1,26.1
2026-05-01T14:12:00,2,56.99,-38.07,25.8,95.06,57.04,28.60859,77.217352,3.541,3.539,3.533,3.535,3.435,3.537,3.537,3.543,3.537,3.539,3.535,3.537,3.535,3.541,3.54,3.536,26.7,26.5,26.3,26.7,26.0,26.1,25.8,26.8,26.6,26.4,26.5,26.8,26.6,25.9,26.4,26.0
2026-05-01T14:14:00,2,56.37,20.66,26.7,95.02,57.01,,,3.55,3.545,3.544,3.542,3.448,3.544,3.543,3.543,3.543,3.547,3.542,3.541,3.545,3.545,3.541,3.543,25.4,25.0,25.1,25.0,25.4,25.8,25.9,25.9,25.8,24.8,25.9,24.9,25.7,25.3,25.7,25.1
2026-05-01T14:16:00,2,56.2,20.79,27.7,95.03,57.02,,,3.548,3.554,3.55,3.554,3.452,3.551,3.554,3.548,3.553,3.553,3.552,3.548,3.549,3.553,3.551,3.55,25.0,25.6,25.7,25.0,25.1,25.1,25.3,25.8,25.5,25.6,25.0,25.6,25.4,25.0,25.9,24.9
2026-05-01T14:18:00,2,56.83,21.74,28.6,94.99,57.0,,,3.556,3.561,3.559,3.56,3.459,3.561,3.555,3.56,3.559,3.558,3.561,3.557,3.559,3.557,3.561,3.556,25.2,25.8,25.1,25.3,25.6,25.4,25.1,25.1,26.0,25.9,25.7,25.4,25.9,25.9,25.0,25.4
2026-05-01T14:20:00,2,56.8,21.14,29.7,95.04,57.03,,,3.564,3.565,3.562,3.564,3.462,3.562,3.565,3.563,3.567,3.562,3.561,3.564,3.561,3.568,3.566,3.566,25.5,25.4,25.0,25.9,25.2,25.2,25.5,25.5,25.4,25.9,25.3,25.0,25.2,25.8,25.4,25.2
2026-05-01T14:22:00,2,56.9,21.75,30.6,95.01,57.0,,,3.573,3.572,3.571,3.573,3.475,3.573,3.574,3.571,3.569,3.568,3.569,3.575,3.571,3.572,3.572,3.565,25.1,25.4,25.9,25.2,25.0,25.8,25.1,25.3,25.7,24.8,25.4,25.2,25.9,25.8,24.9,25.9
2026-05-01T14:24:00,2,57.47,20.93,31.6,94.98,56.99,,,3.581,3.579,3.575,3.58,3.476,3.582,3.579,3.58,3.577,3.58,3.579,3.583,3.581,3.574,3.583,3.578,24.8,25.8,25.9,25.4,24.8,25.8,25.9,25.4,25.0,25.2,24.9,25.6,25.4,25.4,24.9,25.1
2026-05-01T14:26:00,2,56.33,19.47,32.6,94.97,56.98,,,3.583,3.583,3.583,3.584,3.487,3.581,3.585,3.588,3.581,3.584,3.586,3.588,3.585,3.584,3.583,3.582,25.0,24.8,25.3,25.1,25.5,25.5,25.7,25.2,25.4,25.1,25.7,25.9,25.7,25.7,25.8,25.3
2026-05-01T14:28:00,2,56.88,21.67,33.6,94.98,56.99,,,3.593,3.588,3.596,3.591,3.481,3.587,3.593,3.594,3.585,3.588,3.588,3.588,3.589,3.585,3.59,3.593,25.2,26.0,24.9,24.9,25.6,25.9,25.6,25.8,25.9,25.2,25.1,25.8,24.9,25.1,25.8,25.1
2026-05-01T14:30:00,2,57.05,20.29,34.5,94.92,56.95,,,3.592,3.597,3.595,3.592,3.49,3.599,3.598,3.599,3.595,3.599,3.599,3.594,3.594,3.596,3.597,3.597,25.9,25.7,25.2,25.1,25.6,26.0,25.7,25.3,25.6,25.0,25.0,25.7,25.6,25.4,24.9,25.9
2026-05-01T14:32:00,2,57.3,21.79,35.5,94.9,56.94,,,3.605,3.604,3.604,3.601,3.501,3.601,3.606,3.605,3.599,3.602,3.603,3.606,3.604,3.607,3.602,3.603,25.4,24.9,25.3,25.9,25.5,25.9,25.5,25.5,26.0,25.8,25.5,25.9,25.4,25.2,25.8,26.0
2026-05-01T14:34:00,2,57.76,20.16,36.4,94.92,56.95,,,3.604,3.61,3.61,3.608,3.509,3.607,3.606,3.609,3.611,3.606,3.609,3.606,3.612,3.613,3.615,3.611,25.8,25.8,25.3,25.1,25.7,25.4,25.6,25.9,25.1,25.1,24.9,25.6,25.3,25.9,25.5,25.8
2026-05-01T14:36:00,2,57.55,21.04,37.4,94.88,56.93,,,3.62,3.62,3.614,3.616,3.513,3.619,3.614,3.617,3.618,3.613,3.612,3.615,3.621,3.619,3.612,3.616,25.0,25.9,25.4,25.8,25.4,25.1,25.6,25.1,25.3,25.7,25.0,25.2,25.8,25.3,24.8,25.6
2026-05-01T14:38:00,2,57.44,19.84,38.3,94.88,56.93,,,3.618,3.622,3.62,3.62,3.512,3.624,3.62,3.62,3.626,3.625,3.622,3.623,3.626,3.62,3.625,3.622,25.6,25.4,25.8,25.6,25.0,25.0,25.1,25.2,25.8,25.5,25.6,25.8,25.2,25.9,25.6,25.8
2026-05-01T14:40:00,2,58.44,21.41,39.3,94.87,56.92,,,3.63,3.631,3.626,3.626,3.52,3.63,3.631,3.627,3.629,3.631,3.629,3.628,3.63,3.624,3.631,3.628,25.5,25.8,24.8,25.0,24.9,25.1,25.6,26.0,25.8,25.3,24.9,25.4,25.5,25.5,25.9,24.9
2026-05-01T14:42:00,2,57.41,21.5,40.2,94.93,56.96,,,3.635,3.636,3.63,3.637,3.527,3.635,3.636,3.64,3.635,3.636,3.632,3.639,3.636,3.631,3.632,3.636,25.6,25.3,25.7,25.2,25.6,25.7,25.1,25.5,25.6,25.9,25.4,25.4,25.4,24.9,25.9,25.5
2026-05-01T14:44:00,2,57.81,20.42,41.2,94.86,56.92,,,3.638,3.641,3.643,3.643,3.536,3.645,3.638,3.642,3.645,3.646,3.644,3.642,3.637,3.642,3.641,3.641,25.5,24.8,25.9,24.8,25.0,25.1,25.1,25.0,25.7,25.8,25.9,25.7,25.0,24.9,25.5,25.6
2026-05-01T14:46:00,2,58.26,19.89,42.1,94.87,56.92,,,3.648,3.647,3.647,3.649,3.537,3.649,3.647,3.646,3.649,3.647,3.649,3.642,3.649,3.646,3.645,3.652,25.3,25.2,24.8,25.2,25.6,25.9,25.8,25.9,25.3,25.4,24.9,24.9,25.3,24.8,25.2,25.9
2026-05-01T14:48:00,2,57.78,20.87,43.2,94.88,56.93,,,3.657,3.659,3.654,3.656,3.538,3.655,3.652,3.653,3.655,3.657,3.65,3.657,3.651,3.652,3.658,3.657,25.2,24.9,24.8,25.0,24.8,25.1,26.0,25.3,25.5,25.5,25.4,25.0,25.3,25.2,25.8,24.8
2026-05-01T14:50:00,2,58.31,18.75,44.1,94.84,56.9,,,3.658,3.661,3.659,3.657,3.542,3.661,3.663,3.665,3.664,3.66,3.661,3.66,3.661,3.659,3.664,3.663,24.8,24.9,25.0,25.9,25.3,25.1,25.6,24.8,25.9,25.5,25.8,25.7,24.9,24.8,25.6,25.4
2026-05-01T14:52:00,2,58.25,20.64,45.1,94.82,56.89,,,3.666,3.665,3.665,3.67,3.552,3.67,3.67,3.668,3.665,3.666,3.669,3.662,3.664,3.668,3.667,3.666,25.6,25.4,25.5,25.4,25.6,24.9,25.4,25.3,24.9,25.1,25.7,25.0,25.7,25.2,25.1,25.3
2026-05-01T14:54:00,2,58.72,20.05,46.1,94.84,56.9,,,3.672,3.671,3.676,3.677,3.555,3.672,3.677,3.671,3.677,3.677,3.673,3.673,3.674,3.672,3.678,3.677,24.8,25.7,25.0,25.2,25.9,24.9,25.0,25.3,25.3,25.2,25.7,25.0,24.9,24.8,25.8,25.8
2026-05-01T14:56:00,2,58.3,20.31,47.1,94.87,56.92,,,3.679,3.681,3.68,3.681,3.561,3.684,3.683,3.678,3.678,3.684,3.684,3.679,3.685,3.681,3.682,3.685,25.8,25.7,25.2,25.4,25.2,24.8,25.6,25.1,25.7,25.1,25.8,25.7,25.7,25.7,25.9,25.6
2026-05-01T14:58:00,2,59.07,19.8,48.1,94.85,56.91,,,3.691,3.685,3.685,3.684,3.568,3.69,3.69,3.684,3.691,3.691,3.692,3.69,3.688,3.684,3.684,3.686,24.8,25.0,25.4,25.9,25.8,25.2,26.0,25.2,25.5,25.1,25.7,25.8,24.8,24.9,25.2,25.5
2026-05-01T15:00:00,2,58.8,19.2,49.0,94.78,56.87,,,3.694,3.698,3.694,3.695,3.572,3.697,3.693,3.691,3.693,3.697,3.691,3.694,3.696,3.695,3.691,3.696,24.9,24.8,24.9,25.4,25.4,24.8,25.6,25.1,25.7,24.8,25.9,25.6,25.2,25.0,24.9,25.4
2026-05-01T15:02:00,2,58.97,18.35,50.1,94.84,56.9,,,3.697,3.703,3.701,3.698,3.577,3.699,3.701,3.703,3.7,3.696,3.7,3.699,3.703,3.698,3.697,3.699,25.8,25.4,25.3,25.1,25.0,25.0,25.6,25.7,24.7,25.3,24.9,25.8,25.5,25.0,24.8,24.8
2026-05-01T15:04:00,2,58.98,18.3,51.0,94.79,56.87,,,3.708,3.71,3.71,3.704,3.577,3.712,3.711,3.704,3.708,3.709,3.708,3.703,3.706,3.709,3.704,3.709,25.5,25.7,24.8,25.3,25.7,25.2,25.5,25.7,25.5,25.4,25.7,25.3,25.6,25.2,24.7,24.9
2026-05-01T15:06:00,2,59.46,19.54,52.0,94.77,56.86,,,3.714,3.711,3.712,3.714,3.589,3.716,3.713,3.715,3.713,3.711,3.716,3.715,3.717,3.712,3.711,3.712,25.8,25.4,25.1,24.8,25.2,25.3,25.5,25.7,24.8,25.4,25.7,24.8,25.3,25.6,25.8,24.8
2026-05-01T15:08:00,2,59.28,19.16,53.0,94.77,56.86,,,3.718,3.718,3.72,3.72,3.592,3.72,3.724,3.721,3.717,3.723,3.719,3.722,3.72,3.723,3.723,3.721,24.9,25.6,25.9,25.7,25.1,24.9,25.7,25.1,25.1,25.3,25.2,25.0,25.1,25.9,25.5,25.1
2026-05-01T15:10:00,2,59.44,18.75,53.9,94.78,56.87,,,3.726,3.73,3.724,3.724,3.599,3.722,3.726,3.728,3.721,3.722,3.725,3.73,3.721,3.726,3.723,3.724,25.7,25.8,25.2,25.6,24.8,25.5,25.7,25.4,25.5,25.8,25.4,25.3,25.5,24.8,25.1,25.5
2026-05-01T15:12:00,2,59.31,17.71,54.9,94.74,56.85,,,3.733,3.73,3.73,3.732,3.604,3.737,3.731,3.73,3.734,3.732,3.735,3.736,3.736,3.734,3.732,3.731,25.2,25.5,25.5,25.1,24.9,24.9,25.6,25.7,24.9,25.8,25.8,25.9,24.8,25.9,25.0,25.2
2026-05-01T15:14:00,2,59.52,19.47,55.8,94.7,56.82,,,3.736,3.741,3.74,3.738,3.607,3.738,3.734,3.741,3.738,3.743,3.739,3.74,3.744,3.74,3.742,3.738,25.5,25.6,25.1,25.9,25.1,25.3,24.9,25.4,25.9,25.7,24.9,24.8,25.1,25.1,25.8,25.4
2026-05-01T15:16:00,2,59.95,19.39,56.7,94.69,56.82,,,3.746,3.744,3.742,3.745,3.613,3.743,3.745,3.742,3.744,3.746,3.741,3.748,3.742,3.743,3.744,3.745,25.7,25.8,25.2,25.0,25.6,25.8,24.8,25.3,25.6,25.0,25.9,25.2,25.6,24.9,25.4,25.9
2026-05-01T15:18:00,2,59.87,17.44,57.8,94.67,56.8,,,3.747,3.755,3.749,3.749,3.615,3.749,3.75,3.751,3.752,3.752,3.757,3.747,3.754,3.756,3.748,3.754,25.8,25.8,25.7,25.0,24.9,25.5,25.3,24.9,25.4,24.9,24.8,25.5,25.2,25.2,25.5,25.0
2026-05-01T15:20:00,2,60.07,19.59,58.8,94.74,56.84,,,3.761,3.756,3.754,3.755,3.618,3.757,3.762,3.756,3.761,3.759,3.76,3.756,3.759,3.762,3.756,3.758,25.2,25.5,25.7,25.4,24.8,25.9,25.8,25.2,24.8,25.7,25.1,25.9,25.9,25.4,25.2,24.8
2026-05-01T15:22:00,2,59.93,19.24,59.8,94.72,56.83,,,3.76,3.763,3.762,3.768,3.629,3.763,3.763,3.764,3.765,3.763,3.765,3.766,3.762,3.761,3.762,3.767,25.5,25.2,24.9,25.2,25.6,25.4,24.8,25.7,25.2,25.2,24.7,25.1,25.0,24.9,25.0,25.8
2026-05-01T15:24:00,2,60.38,19.41,60.7,94.72,56.83,,,3.771,3.77,3.772,3.771,3.63,3.775,3.768,3.771,3.773,3.767,3.774,3.769,3.774,3.769,3.774,3.771,25.6,25.7,25.8,25.8,25.8,25.1,25.2,25.2,25.5,25.9,25.4,25.1,25.7,25.5,25.1,25.0
2026-05-01T15:26:00,2,59.73,19.5,61.7,94.66,56.79,,,3.775,3.777,3.776,3.777,3.64,3.78,3.775,3.777,3.778,3.775,3.782,3.78,3.775,3.775,3.781,3.78,25.2,25.0,25.7,25.5,24.8,25.0,25.7,25.2,24.8,25.4,25.8,25.9,25.8,24.9,25.0,24.9
2026-05-01T15:28:00,2,60.09,17.43,62.6,94.7,56.82,,,3.781,3.784,3.783,3.786,3.638,3.786,3.787,3.785,3.783,3.785,3.787,3.789,3.786,3.784,3.786,3.787,25.1,25.2,25.6,24.9,25.1,25.4,25.2,25.5,24.9,25.5,25.2,25.5,25.1,25.0,25.3,25.2
2026-05-01T15:30:00,2,60.03,17.58,63.6,94.63,56.78,,,3.794,3.786,3.794,3.796,3.649,3.795,3.789,3.792,3.793,3.787,3.789,3.795,3.793,3.789,3.79,3.787,25.2,24.8,24.9,25.8,24.7,25.4,24.8,25.9,25.3,25.5,25.2,24.8,25.4,24.7,25.0,25.3
2026-05-01T15:32:00,2,59.94,19.33,64.7,94.67,56.8,,,3.796,3.793,3.793,3.795,3.654,3.795,3.795,3.794,3.797,3.796,3.799,3.797,3.796,3.796,3.797,3.803,25.0,25.6,25.4,25.1,24.8,24.9,24.8,25.0,25.8,25.7,25.5,25.5,24.8,25.4,25.9,25.1
2026-05-01T15:34:00,2,60.88,18.33,65.7,94.65,56.79,,,3.802,3.805,3.807,3.81,3.66,3.803,3.806,3.803,3.801,3.805,3.801,3.803,3.809,3.804,3.805,3.806,25.1,24.8,25.4,25.5,25.0,25.8,25.4,24.8,25.2,25.3,25.0,25.0,25.8,24.9,25.6,25.2
2026-05-01T15:36:00,2,60.19,16.8,66.6,94.58,56.75,,,3.806,3.813,3.809,3.814,3.665,3.812,3.813,3.808,3.808,3.81,3.815,3.807,3.813,3.808,3.813,3.807,24.8,25.5,24.9,25.8,25.8,25.1,24.7,25.6,25.5,25.8,25.2,25.6,25.8,24.8,25.4,25.8
2026-05-01T15:38:00,2,61.1,18.88,67.6,94.62,56.77,,,3.817,3.82,3.817,3.819,3.666,3.813,3.813,3.816,3.819,3.819,3.816,3.819,3.813,3.814,3.82,3.821,25.9,25.8,25.0,24.8,24.9,24.8,25.7,25.2,25.3,25.0,25.4,25.0,25.1,25.9,25.2,24.9
2026-05-01T15:40:00,2,60.66,16.91,68.6,94.59,56.76,,,3.822,3.822,3.823,3.827,3.67,3.822,3.824,3.828,3.822,3.829,3.822,3.824,3.824,3.821,3.83,3.824,25.2,24.8,24.9,25.0,25.9,25.1,25.4,25.2,24.9,25.4,25.0,25.8,25.5,25.4,25.4,25.5
2026-05-01T15:42:00,2,60.85,17.21,69.7,94.61,56.76,,,3.828,3.827,3.834,3.832,3.681,3.836,3.827,3.832,3.829,3.827,3.829,3.829,3.829,3.828,3.833,3.833,24.9,25.4,25.1,24.9,25.2,25.0,25.6,24.8,25.0,24.7,25.3,25.2,25.4,24.8,24.7,25.0
2026-05-01T15:44:00,2,61.02,18.29,70.7,94.57,56.74,,,3.842,3.839,3.842,3.837,3.687,3.836,3.84,3.836,3.838,3.84,3.842,3.836,3.84,3.836,3.838,3.835,25.5,24.8,25.2,25.3,25.4,25.5,24.7,25.4,25.7,25.2,25.7,25.9,24.8,25.5,25.6,25.2
2026-05-01T15:46:00,2,61.12,16.42,71.7,94.59,56.76,,,3.849,3.84,3.844,3.846,3.69,3.844,3.849,3.844,3.842,3.843,3.848,3.846,3.845,3.849,3.847,3.843,25.5,24.8,25.6,25.0,24.7,25.3,25.8,25.1,25.6,24.9,24.8,24.8,24.6,25.2,24.6,25.6
2026-05-01T15:48:00,2,61.4,16.92,72.7,94.55,56.73,,,3.851,3.856,3.849,3.847,3.7,3.851,3.855,3.85,3.852,3.849,3.854,3.852,3.85,3.849,3.857,3.848,25.5,24.8,24.7,25.3,25.3,24.8,24.8,24.7,24.8,25.7,25.7,25.2,24.7,25.4,25.0,25.8
2026-05-01T15:50:00,2,61.68,16.13,73.6,94.5,56.7,,,3.859,3.855,3.856,3.858,3.702,3.861,3.853,3.857,3.854,3.86,3.856,3.857,3.858,3.857,3.851,3.854,25.5,25.8,24.9,25.5,25.3,25.1,25.6,25.0,24.7,24.7,25.1,25.6,25.4,25.4,25.2,24.8
2026-05-01T15:52:00,2,61.45,17.26,74.6,94.57,56.74,,,3.866,3.867,3.862,3.864,3.71,3.86,3.861,3.863,3.868,3.866,3.866,3.866,3.866,3.864,3.861,3.867,25.0,24.8,24.9,25.0,25.1,25.8,25.2,25.5,25.8,25.0,24.8,25.3,25.3,25.8,24.8,25.1
2026-05-01T15:54:00,2,62.34,18.23,75.6,94.53,56.72,,,3.87,3.87,3.865,3.868,3.715,3.869,3.867,3.871,3.869,3.875,3.871,3.869,3.867,3.87,3.869,3.871,25.4,25.8,24.8,25.8,25.0,25.4,24.8,24.7,24.9,25.4,25.8,25.2,25.1,24.8,25.2,25.3
2026-05-01T15:56:00,2,61.5,16.37,76.6,94.55,56.73,,,3.875,3.875,3.88,3.877,3.72,3.877,3.879,3.88,3.879,3.881,3.879,3.874,3.881,3.873,3.879,3.879,25.4,25.0,25.4,24.9,25.1,25.6,25.0,25.6,25.0,24.8,25.4,25.4,25.7,25.4,25.6,25.5
2026-05-01T15:58:00,2,62.0,16.33,77.5,94.52,56.71,,,3.884,3.88,3.879,3.878,3.728,3.881,3.885,3.884,3.881,3.881,3.883,3.881,3.886,3.882,3.881,3.889,25.8,24.7,24.8,24.7,24.6,25.5,25.2,25.7,25.8,24.7,25.1,24.9,25.5,24.9,24.7,24.9
2026-05-01T16:00:00,3,62.69,-35.29,77.0,94.98,56.99,28.6139,77.209,3.876,3.882,3.882,3.877,3.721,3.879,3.877,3.883,3.885,3.881,3.879,3.876,3.885,3.88,3.879,3.883,26.2,26.5,26.6,25.9,26.7,26.0,25.6,25.9,26.7,26.7,26.6,26.4,26.5,26.3,25.9,26.3
2026-05-01T16:02:00,3,62.59,-37.16,76.3,94.99,56.99,28.613913,77.209102,3.877,3.877,3.876,3.876,3.718,3.878,3.872,3.876,3.878,3.873,3.877,3.875,3.876,3.876,3.877,3.876,26.2,26.8,26.7,26.6,26.7,26.2,25.8,26.3,26.3,26.0,26.0,26.1,26.6,26.0,26.7,26.3
2026-05-01T16:04:00,3,62.74,-36.53,75.6,95.01,57.0,28.613951,77.2092,3.872,3.871,3.867,3.871,3.711,3.872,3.87,3.87,3.869,3.869,3.87,3.869,3.874,3.869,3.87,3.869,26.5,26.3,26.5,25.7,26.6,25.7,25.7,26.1,26.2,25.9,26.5,26.6,26.6,26.7,26.4,26.1
2026-05-01T16:06:00,3,62.36,-38.71,75.0,94.97,56.98,28.614013,77.209288,3.869,3.868,3.869,3.865,3.709,3.865,3.866,3.862,3.868,3.865,3.869,3.869,3.865,3.871,3.865,3.868,26.7,26.9,25.9,26.2,25.9,26.2,26.5,25.8,26.5,26.4,26.5,26.7,26.4,26.8,26.7,26.6
2026-05-01T16:08:00,3,62.22,-41.48,74.4,94.94,56.97,28.614098,77.209362,3.863,3.86,3.862,3.861,3.703,3.866,3.865,3.861,3.864,3.858,3.862,3.859,3.867,3.859,3.868,3.862,26.1,26.8,26.6,26.9,26.6,26.4,26.8,26.5,26.8,27.1,26.7,26.7,26.0,26.3,26.7,26.5
2026-05-01T16:10:00,3,62.44,-47.02,73.8,94.98,56.99,28.614202,77.209418,3.86,3.86,3.86,3.856,3.697,3.858,3.859,3.858,3.858,3.855,3.859,3.856,3.861,3.862,3.863,3.856,26.8,27.4,26.8,27.1,27.2,27.4,27.4,27.1,27.3,27.2,27.1,27.1,27.5,27.3,27.2,27.6
2026-05-01T16:12:00,3,62.07,-47.93,73.2,94.96,56.98,28.614322,77.209453,3.855,3.855,3.855,3.852,3.695,3.859,3.852,3.855,3.856,3.86,3.856,3.859,3.858,3.853,3.856,3.853,27.1,27.3,27.3,27.4,27.1,26.6,27.2,26.8,27.0,27.6,27.0,27.5,26.9,27.1,27.1,26.8
2026-05-01T16:14:00,3,62.43,-47.4,72.6,94.9,56.94,28.614454,77.209463,3.854,3.856,3.846,3.854,3.695,3.85,3.852,3.848,3.85,3.856,3.852,3.853,3.848,3.848,3.848,3.85,26.8,26.7,26.8,26.6,26.9,27.6,27.5,26.8,27.6,27.2,27.4,26.7,26.4,27.1,26.6,26.7
2026-05-01T16:16:00,3,62.6,-51.56,72.0,94.88,56.93,28.614594,77.209446,3.843,3.848,3.849,3.843,3.692,3.849,3.847,3.849,3.848,3.849,3.846,3.842,3.85,3.844,3.848,3.841,27.9,27.8,27.8,27.9,26.9,26.9,27.2,27.3,27.5,27.5,27.4,27.2,27.1,27.0,27.4,27.3
2026-05-01T16:18:00,3,62.62,-50.19,71.4,94.89,56.94,28.614737,77.2094,3.843,3.845,3.843,3.847,3.685,3.841,3.839,3.846,3.843,3.847,3.842,3.846,3.84,3.843,3.839,3.84,26.7,26.7,26.8,27.6,26.7,27.0,27.2,27.1,27.7,27.7,27.8,27.8,27.6,27.8,26.7,27.8
2026-05-01T16:20:00,3,62.32,-51.01,70.7,94.89,56.94,28.614878,77.209325,3.843,3.84,3.838,3.841,3.682,3.84,3.834,3.842,3.842,3.837,3.837,3.838,3.836,3.839,3.839,3.84,27.3,26.9,27.7,27.8,26.9,27.8,27.3,26.9,27.6,26.8,27.2,27.1,27.8,27.5,27.1,27.8
2026-05-01T16:22:00,3,62.26,-51.84,70.1,94.88,56.93,28.615012,77.209221,3.833,3.837,3.836,3.839,3.679,3.83,3.835,3.834,3.831,3.831,3.837,3.833,3.833,3.835,3.834,3.836,27.7,27.2,27.8,28.0,27.1,27.6,26.9,27.4,27.8,27.6,27.8,27.1,27.8,27.5,28.0,27.8
2026-05-01T16:24:00,3,62.65,-54.78,69.5,94.86,56.92,28.615134,77.209088,3.831,3.829,3.831,3.828,3.672,3.835,3.831,3.836,3.835,3.826,3.826,3.834,3.827,3.828,3.831,3.829,27.9,27.4,27.8,27.2,28.1,27.1,27.8,27.3,27.2,27.4,27.7,28.3,28.3,28.1,27.9,28.2
2026-05-01T16:26:00,3,62.21,-54.11,68.9,94.89,56.93,28.615238,77.208927,3.828,3.824,3.829,3.825,3.67,3.824,3.83,3.826,3.822,3.824,3.825,3.825,3.83,3.825,3.822,3.825,27.1,28.0,27.8,27.1,27.5,27.5,28.1,27.8,27.3,27.5,27.1,27.3,27.7,28.1,27.2,27.7
2026-05-01T16:28:00,3,61.92,-53.25,68.3,94.85,56.91,28.61532,77.208743,3.823,3.823,3.822,3.821,3.669,3.816,3.821,3.821,3.821,3.818,3.825,3.826,3.821,3.822,3.819,3.82,27.3,27.8,27.4,28.1,27.1,27.7,27.9,27.5,27.4,27.6,27.8,27.4,28.0,27.8,27.8,28.0
2026-05-01T16:30:00,3,62.23,-54.17,67.7,94.82,56.89,28.615375,77.208537,3.813,3.818,3.819,3.822,3.668,3.82,3.814,3.822,3.82,3.816,3.818,3.821,3.817,3.82,3.814,3.816,27.6,27.8,27.1,28.0,28.1,27.5,27.2,27.5,28.2,27.9,28.2,27.7,27.1,28.2,27.1,28.2
2026-05-01T16:32:00,3,61.77,-53.82,67.0,94.87,56.92,28.6154,77.208314,3.81,3.817,3.813,3.812,3.658,3.818,3.817,3.817,3.813,3.815,3.81,3.811,3.815,3.81,3.817,3.818,28.1,27.7,27.8,27.2,27.6,28.0,28.0,27.6,27.6,27.2,27.8,27.3,27.1,27.7,27.6,27.9
2026-05-01T16:34:00,3,62.26,-53.94,66.4,94.83,56.9,28.61539,77.208078,3.806,3.807,3.81,3.812,3.654,3.811,3.811,3.807,3.812,3.808,3.812,3.81,3.807,3.811,3.809,3.811,27.8,27.9,27.5,27.9,27.4,27.7,27.6,27.5,27.4,27.4,27.1,27.3,27.3,27.1,27.3,27.7
2026-05-01T16:36:00,3,62.22,-52.03,65.9,94.8,56.88,28.615344,77.207834,3.803,3.811,3.808,3.801,3.654,3.806,3.806,3.806,3.804,3.804,3.806,3.803,3.809,3.803,3.802,3.804,27.3,28.0,27.1,26.9,27.1,27.5,27.4,27.6,27.2,27.4,27.1,27.2,27.6,28.0,27.8,27.2
2026-05-01T16:38:00,3,61.79,-51.7,65.3,94.8,56.88,28.615259,77.207589,3.804,3.802,3.8,3.801,3.65,3.804,3.803,3.805,3.798,3.801,3.801,3.802,3.799,3.802,3.8,3.805,27.8,27.9,26.8,27.8,27.9,27.5,27.3,27.1,27.6,27.8,27.7,26.9,27.8,27.5,27.6,27.2
2026-05-01T16:40:00,3,61.87,-53.52,64.7,94.76,56.86,28.615134,77.207348,3.798,3.801,3.795,3.799,3.645,3.794,3.798,3.802,3.798,3.795,3.794,3.796,3.801,3.795,3.799,3.801,27.6,27.4,27.3,27.1,27.0,27.5,27.9,27.4,27.4,27.1,27.2,28.0,27.8,27.5,28.0,27.1
2026-05-01T16:42:00,3,61.4,-52.1,64.1,94.81,56.89,28.614969,77.207118,3.795,3.794,3.793,3.796,3.638,3.792,3.792,3.796,3.796,3.794,3.8,3.798,3.79,3.797,3.795,3.791,27.3,26.9,27.4,27.7,26.9,27.2,27.7,27.8,27.6,28.0,27.8,26.9,27.1,28.0,27.0,27.9
2026-05-01T16:44:00,3,62.0,-49.73,63.5,94.8,56.88,28.614766,77.206904,3.789,3.79,3.789,3.791,3.634,3.791,3.792,3.791,3.792,3.793,3.789,3.79,3.794,3.792,3.791,3.789,27.8,27.3,27.2,26.7,27.4,27.3,27.1,27.7,26.7,27.3,26.8,26.8,27.7,27.1,27.7,27.6
2026-05-01T16:46:00,3,61.63,-52.61,62.8,94.76,56.86,28.614525,77.206713,3.785,3.791,3.784,3.787,3.632,3.78,3.785,3.788,3.786,3.784,3.789,3.788,3.786,3.781,3.787,3.785,27.3,27.3,27.0,27.8,27.9,27.7,27.8,26.9,27.8,27.7,27.9,27.5,26.9,27.7,27.3,27.0
2026-05-01T16:48:00,3,61.17,-47.94,62.2,94.74,56.84,28.614249,77.206551,3.777,3.781,3.78,3.783,3.632,3.779,3.782,3.786,3.781,3.781,3.784,3.779,3.777,3.779,3.784,3.786,26.5,26.7,27.1,26.8,26.9,27.6,26.6,26.8,27.5,27.2,26.6,27.0,27.5,27.2,27.6,27.4
2026-05-01T16:50:00,3,61.25,-46.42,61.5,94.79,56.87,28.613943,77.206423,3.777,3.776,3.774,3.778,3.625,3.78,3.775,3.78,3.78,3.782,3.781,3.781,3.778,3.777,3.779,3.781,26.9,27.5,27.1,27.1,27.0,26.7,27.1,26.5,26.5,26.4,26.4,26.5,26.8,27.3,27.0,26.8
2026-05-01T16:52:00,3,61.25,-45.06,60.9,94.77,56.86,28.61361,77.206335,3.777,3.771,3.773,3.773,3.621,3.773,3.775,3.772,3.773,3.777,3.775,3.774,3.77,3.768,3.773,3.771,26.9,26.7,27.3,27.3,26.5,27.3,27.2,26.6,26.7,26.9,26.6,26.4,26.9,26.5,27.4,26.9
2026-05-01T16:54:00,3,60.85,-46.22,60.3,94.7,56.82,28.613256,77.206292,3.767,3.764,3.765,3.77,3.62,3.772,3.77,3.768,3.768,3.77,3.766,3.773,3.773,3.764,3.774,3.765,26.7,27.0,26.7,26.7,26.6,27.2,26.4,27.2,26.9,27.2,26.4,27.2,26.6,27.4,27.1,26.5
2026-05-01T16:56:00,3,61.15,-40.06,59.7,94.7,56.82,28.612887,77.206297,3.763,3.763,3.765,3.764,3.612,3.767,3.768,3.765,3.767,3.762,3.767,3.764,3.768,3.768,3.768,3.77,26.1,26.8,26.2,26.8,26.4,26.2,26.2,27.0,26.8,26.1,26.9,27.0,26.6,27.0,26.9,26.2
2026-05-01T16:58:00,3,61.28,-41.89,59.0,94.68,56.81,28.61251,77.206353,3.761,3.762,3.759,3.758,3.609,3.757,3.759,3.764,3.761,3.764,3.757,3.763,3.758,3.764,3.764,3.76,26.2,27.1,27.1,26.0,26.4,26.5,26.8,26.7,26.0,26.9,26.2,26.2,26.6,26.6,26.7,26.8
2026-05-01T17:00:00,3,60.17,-36.94,58.4,94.7,56.82,28.612132,77.206462,3.754,3.756,3.757,3.758,3.609,3.753,3.755,3.757,3.755,3.756,3.757,3.76,3.756,3.753,3.757,3.751,26.4,26.4,25.7,26.7,26.1,25.7,26.5,26.3,26.4,26.6,26.7,25.9,26.5,26.5,26.2,26.7
2026-05-01T17:02:00,3,60.72,-37.16,57.7,94.65,56.79,28.611761,77.206626,3.749,3.753,3.75,3.754,3.599,3.749,3.751,3.751,3.749,3.751,3.748,3.751,3.751,3.754,3.75,3.751,26.5,26.8,26.7,26.4,25.7,26.5,26.5,25.9,25.8,26.0,26.8,26.0,26.5,26.6,26.4,26.1
2026-05-01T17:04:00,3,60.53,-35.85,57.0,94.7,56.82,28.611403,77.206844,3.748,3.743,3.744,3.748,3.601,3.748,3.744,3.746,3.749,3.749,3.751,3.75,3.745,3.75,3.748,3.744,25.6,26.7,26.0,26.5,26.3,26.0,25.6,26.7,25.9,25.7,26.6,26.6,26.6,26.0,25.7,25.6
2026-05-01T17:06:00,3,60.76,-36.2,56.4,94.63,56.78,28.611068,77.207115,3.745,3.74,3.746,3.748,3.594,3.74,3.741,3.746,3.74,3.741,3.748,3.742,3.746,3.746,3.745,3.743,25.6,26.6,25.9,25.7,26.5,26.5,25.6,26.7,25.7,26.1,26.5,25.7,25.9,26.3,25.9,26.6
2026-05-01T17:08:00,3,61.02,-37.34,55.8,94.64,56.79,28.610763,77.207436,3.734,3.736,3.736,3.742,3.595,3.738,3.739,3.741,3.74,3.74,3.74,3.739,3.739,3.742,3.741,3.736,26.5,26.7,26.6,26.0,26.7,25.8,26.1,26.0,26.1,26.5,26.1,25.7,25.8,26.1,26.4,25.7
2026-05-01T17:10:00,3,60.07,-43.94,55.2,94.65,56.79,28.610495,77.207806,3.731,3.732,3.736,3.738,3.585,3.734,3.733,3.735,3.736,3.736,3.734,3.736,3.737,3.731,3.73,3.734,26.9,26.4,26.3,26.3,26.6,26.9,27.1,26.2,26.5,26.4,27.1,27.0,26.4,27.0,27.2,26.7
2026-05-01T17:12:00,3,60.9,-43.87,54.5,94.64,56.78,28.610272,77.208218,3.73,3.734,3.728,3.726,3.583,3.728,3.733,3.733,3.732,3.728,3.726,3.733,3.73,3.733,3.734,3.733,26.4,26.4,26.7,26.4,26.2,27.0,26.8,27.0,26.5,27.3,26.5,26.6,27.2,27.3,27.2,26.1
2026-05-01T17:14:00,3,60.14,-43.03,53.8,94.62,56.77,28.6101,77.208667,3.727,3.729,3.721,3.727,3.573,3.723,3.721,3.729,3.721,3.726,3.725,3.728,3.723,3.724,3.726,3.721,26.5,27.0,26.9,26.4,26.8,26.3,26.1,27.0,26.7,27.2,26.2,26.3,26.8,26.8,26.1,26.2
2026-05-01T17:16:00,3,60.05,-44.87,53.2,94.65,56.79,28.609985,77.209147,3.72,3.724,3.721,3.721,3.573,3.723,3.723,3.72,3.721,3.723,3.726,3.721,3.722,3.723,3.722,3.721,26.7,27.2,27.2,27.0,27.2,27.1,26.3,26.6,26.5,27.0,27.1,27.3,26.7,27.0,26.8,26.7
2026-05-01T17:18:00,3,61.03,-47.17,52.5,94.57,56.74,28.609932,77.209651,3.716,3.719,3.72,3.72,3.567,3.716,3.718,3.72,3.722,3.721,3.72,3.716,3.715,3.714,3.715,3.719,27.4,27.0,27.1,27.4,27.2,26.7,26.6,27.3,26.6,27.1,26.7,27.3,27.0,27.2,26.9,26.7
2026-05-01T17:20:00,3,60.53,-51.93,51.9,94.59,56.76,28.609946,77.21017,3.713,3.712,3.718,3.71,3.567,3.709,3.714,3.709,3.715,3.714,3.716,3.713,3.715,3.708,3.711,3.709,28.0,27.4,27.2,27.1,27.6,26.9,27.4,27.9,27.4,27.5,27.8,27.4,27.1,27.6,27.3,27.2
2026-05-01T17:22:00,3,60.08,-48.65,51.2,94.56,56.74,28.610028,77.210695,3.71,3.702,3.71,3.706,3.564,3.709,3.709,3.709,3.707,3.712,3.711,3.703,3.706,3.709,3.707,3.71,27.5,27.2,26.9,27.6,27.2,27.7,27.2,27.2,27.4,27.7,27.6,27.6,27.0,26.8,27.4,26.9
2026-05-01T17:24:00,3,60.35,-55.27,50.5,94.61,56.76,28.610181,77.211217,3.708,3.702,3.702,3.703,3.559,3.699,3.706,3.703,3.701,3.705,3.707,3.702,3.699,3.708,3.704,3.706,27.8,27.8,27.5,27.4,28.3,28.3,27.9,28.1,27.5,27.8,27.8,28.3,28.0,28.1,28.3,28.1
2026-05-01T17:26:00,3,59.57,-53.63,49.9,94.54,56.73,28.610405,77.211727,3.699,3.702,3.702,3.697,3.55,3.696,3.699,3.695,3.697,3.699,3.695,3.697,3.702,3.702,3.701,3.699,27.8,27.6,28.0,28.1,27.8,28.2,27.8,27.5,27.3,28.0,27.2,28.0,27.9,27.1,28.1,27.2
2026-05-01T17:28:00,3,60.26,-55.08,49.3,94.57,56.74,28.6107,77.212215,3.696,3.695,3.699,3.691,3.552,3.695,3.692,3.697,3.697,3.694,3.693,3.698,3.69,3.697,3.697,3.694,27.5,27.3,27.3,27.5,28.3,27.2,28.3,27.5,27.6,27.1,28.3,27.7,27.2,27.9,27.1,27.3
2026-05-01T17:30:00,3,60.4,-57.1,48.7,94.54,56.73,28.611062,77.21267,3.689,3.688,3.693,3.689,3.551,3.692,3.688,3.695,3.693,3.694,3.694,3.692,3.69,3.689,3.689,3.692,28.4,27.5,28.0,27.7,27.7,27.7,27.8,28.3,27.5,28.5,28.3,28.1,27.3,28.2,27.7,27.5
2026-05-01T17:32:00,3,60.38,-52.2,48.1,94.5,56.7,28.61149,77.213084,3.687,3.69,3.687,3.689,3.544,3.688,3.687,3.682,3.689,3.689,3.687,3.686,3.688,3.689,3.685,3.689,27.7,28.0,27.4,27.9,27.3,26.9,27.9,27.3,27.4,27.1,27.8,27.0,27.0,28.0,27.8,27.5
2026-05-01T17:34:00,3,59.56,-53.11,47.6,94.48,56.69,28.611977,77.213447,3.682,3.687,3.687,3.68,3.541,3.68,3.678,3.68,3.681,3.681,3.688,3.685,3.681,3.681,3.686,3.683,27.9,27.9,27.5,27.0,27.7,28.1,27.4,27.5,27.2,27.1,27.8,27.3,27.2,28.1,27.0,27.2
2026-05-01T17:36:00,3,59.7,-52.35,46.9,94.52,56.71,28.612517,77.213751,3.68,3.678,3.677,3.678,3.534,3.68,3.683,3.678,3.681,3.675,3.682,3.677,3.68,3.677,3.678,3.674,27.8,27.2,27.1,26.9,27.9,27.3,27.5,27.8,27.5,27.3,28.0,27.4,27.7,27.3,27.9,27.1
2026-05-01T17:38:00,3,60.37,-53.5,46.3,94.52,56.71,28.613104,77.213988,3.675,3.678,3.68,3.676,3.534,3.678,3.679,3.677,3.674,3.677,3.68,3.674,3.673,3.673,3.679,3.671,27.6,28.1,27.3,27.6,27.3,27.4,27.8,28.1,28.0,27.4,28.0,27.7,27.7,28.1,27.6,27.1
2026-05-01T17:40:00,3,60.06,-52.23,45.7,94.55,56.73,28.613729,77.214152,3.674,3.668,3.674,3.677,3.529,3.675,3.672,3.672,3.674,3.672,3.673,3.673,3.672,3.675,3.67,3.67,27.1,27.8,27.4,27.9,27.2,27.3,27.3,27.5,27.6,27.7,27.7,27.1,27.7,28.0,27.4,27.6
2026-05-01T17:42:00,3,59.34,-51.69,45.1,94.53,56.72,28.614382,77.214236,3.666,3.665,3.667,3.664,3.526,3.668,3.664,3.67,3.665,3.663,3.666,3.662,3.67,3.667,3.662,3.666,27.5,27.4,27.7,27.5,26.9,27.8,27.3,27.2,27.1,28.0,28.0,27.0,27.1,27.8,27.8,27.7
2026-05-01T17:44:00,3,59.92,-51.54,44.5,94.46,56.68,28.615053,77.214235,3.661,3.664,3.667,3.661,3.525,3.666,3.662,3.661,3.661,3.663,3.662,3.666,3.666,3.66,3.664,3.663,27.4,27.1,27.1,26.9,27.6,27.7,27.5,27.1,27.9,27.2,27.9,27.2,26.9,27.4,27.2,27.4
2026-05-01T17:46:00,3,58.99,-50.74,43.9,94.51,56.71,28.615731,77.214148,3.658,3.661,3.656,3.662,3.517,3.656,3.659,3.661,3.66,3.662,3.659,3.665,3.665,3.659,3.663,3.663,27.9,27.4,26.8,27.1,27.4,27.2,27.4,27.9,26.8,27.5,27.6,27.0,27.7,27.8,27.3,26.9
2026-05-01T17:48:00,3,59.64,-48.13,43.3,94.48,56.69,28.616405,77.213971,3.657,3.654,3.654,3.656,3.517,3.654,3.656,3.655,3.66,3.658,3.657,3.651,3.658,3.652,3.654,3.657,26.7,26.5,27.6,27.5,27.0,27.3,27.1,27.5,26.7,26.9,26.6,26.7,27.5,27.1,26.5,27.2
2026-05-01T17:50:00,3,59.31,-48.16,42.7,94.47,56.68,28.617063,77.213706,3.652,3.65,3.656,3.653,3.511,3.65,3.652,3.655,3.654,3.65,3.651,3.651,3.649,3.651,3.653,3.657,27.4,27.5,26.7,27.2,27.0,26.6,27.6,26.6,27.5,26.9,26.6,27.4,26.6,27.5,27.0,27.3
2026-05-01T17:52:00,3,59.48,-47.66,42.2,94.44,56.66,28.617693,77.213352,3.648,3.648,3.644,3.646,3.509,3.648,3.646,3.65,3.652,3.645,3.646,3.644,3.649,3.648,3.646,3.648,27.0,27.5,27.5,26.9,27.1,26.8,26.6,26.7,27.1,27.0,27.0,26.8,27.0,26.5,27.1,27.1
2026-05-01T17:54:00,3,58.81,-48.78,41.5,94.44,56.66,28.618283,77.212914,3.643,3.646,3.648,3.641,3.504,3.644,3.647,3.644,3.645,3.647,3.639,3.639,3.644,3.643,3.643,3.646,26.6,27.3,27.5,27.7,27.5,27.4,27.7,27.0,27.1,26.8,26.7,27.1,26.7,27.0,27.0,27.4
2026-05-01T17:56:00,3,59.0,-44.58,40.9,94.41,56.65,28.618822,77.212396,3.638,3.639,3.642,3.642,3.499,3.641,3.64,3.635,3.645,3.638,3.637,3.639,3.637,3.645,3.639,3.639,27.1,27.1,27.3,26.4,27.0,26.3,26.8,27.4,27.0,26.9,26.6,27.0,26.5,27.0,26.9,26.8
2026-05-01T17:58:00,3,59.45,-43.24,40.3,94.36,56.62,28.619298,77.211803,3.634,3.636,3.633,3.639,3.499,3.635,3.634,3.637,3.639,3.633,3.637,3.63,3.634,3.638,3.634,3.638,26.5,26.2,26.7,26.3,26.9,27.2,27.1,26.8,26.7,26.4,26.3,26.2,27.0,26.3,27.1,26.9
2026-05-01T18:00:00,3,58.92,-37.78,39.7,94.42,56.65,28.619702,77.211144,3.634,3.629,3.629,3.632,3.49,3.629,3.627,3.632,3.626,3.631,3.628,3.63,3.628,3.63,3.63,3.628,26.5,26.0,26.8,25.9,26.4,26.3,26.3,26.9,25.9,26.2,26.2,26.2,26.9,26.2,26.8,26.4
2026-05-01T18:02:00,3,58.37,-40.22,39.1,94.41,56.65,28.620025,77.210427,3.626,3.623,3.632,3.624,3.486,3.624,3.63,3.627,3.628,3.631,3.629,3.625,3.629,3.624,3.622,3.631,27.0,26.9,26.5,26.6,26.1,26.1,26.8,26.6,26.3,26.9,26.6,27.0,26.6,26.6,26.2,26.5
2026-05-01T18:04:00,3,58.91,-37.17,38.5,94.38,56.63,28.620257,77.209663,3.62,3.627,3.621,3.627,3.482,3.627,3.62,3.624,3.621,3.621,3.622,3.622,3.62,3.624,3.623,3.625,25.8,26.5,25.9,26.0,26.1,25.7,26.7,26.0,26.5,25.7,25.7,26.7,26.2,25.8,26.0,26.1
2026-05-01T18:06:00,3,59.01,-34.92,37.9,94.33,56.6,28.620393,77.208863,3.618,3.617,3.617,3.625,3.483,3.624,3.623,3.62,3.616,3.62,3.616,3.62,3.618,3.614,3.619,3.619,26.7,25.7,26.0,26.5,26.2,26.0,26.5,25.6,26.3,26.0,26.0,26.4,26.4,26.6,25.7,25.7
2026-05-01T18:08:00,3,58.55,-36.25,37.3,94.37,56.62,28.620428,77.20804,3.618,3.614,3.613,3.618,3.48,3.614,3.614,3.612,3.617,3.614,3.618,3.61,3.617,3.614,3.618,3.615,26.4,26.4,26.5,26.3,26.1,26.0,25.8,26.4,26.2,25.7,26.2,26.6,26.2,25.7,25.8,26.3
2026-05-01T18:10:00,3,58.39,-41.9,36.6,94.31,56.59,28.620356,77.207206,3.613,3.611,3.613,3.614,3.473,3.609,3.612,3.613,3.616,3.611,3.608,3.611,3.607,3.609,3.613,3.609,26.0,26.4,26.8,26.3,26.6,26.2,26.3,27.0,26.5,27.0,27.2,26.5,27.0,26.7,26.5,27.2
2026-05-01T18:12:00,3,59.09,-43.42,36.0,94.38,56.63,28.620178,77.206375,3.607,3.606,3.603,3.605,3.469,3.604,3.605,3.604,3.605,3.603,3.604,3.605,3.602,3.606,3.607,3.611,26.7,27.0,27.2,26.9,26.8,27.0,26.9,26.4,26.7,26.2,27.2,27.0,26.2,26.5,26.5,27.2
2026-05-01T18:14:00,3,58.66,-45.45,35.4,94.36,56.62,28.619891,77.205562,3.599,3.601,3.6,3.601,3.465,3.604,3.605,3.598,3.601,3.607,3.601,3.601,3.602,3.602,3.606,3.601,26.7,27.4,27.3,27.4,26.8,27.3,27.0,27.3,26.8,27.3,27.3,27.0,27.3,26.3,27.3,27.2
2026-05-01T18:16:00,3,58.8,-46.7,34.8,94.33,56.6,28.619498,77.20478,3.599,3.599,3.595,3.595,3.457,3.6,3.6,3.597,3.602,3.601,3.597,3.598,3.597,3.598,3.601,3.596,26.7,27.1,27.1,26.5,26.4,26.9,26.9,27.3,27.3,27.2,27.3,27.4,27.0,27.3,27.0,26.7
2026-05-01T18:18:00,3,58.56,-48.97,34.1,94.33,56.6,28.619002,77.204043,3.594,3.595,3.599,3.588,3.46,3.59,3.596,3.596,3.595,3.596,3.593,3.592,3.591,3.595,3.592,3.598,26.6,27.3,27.4,27.4,27.5,27.0,27.5,26.7,26.8,26.6,26.9,27.0,26.7,27.5,26.8,26.9
2026-05-01T18:20:00,3,58.71,-49.5,33.5,94.27,56.56,28.618408,77.203365,3.593,3.592,3.592,3.589,3.454,3.593,3.594,3.594,3.592,3.587,3.592,3.591,3.593,3.59,3.588,3.589,27.4,27.8,27.2,27.3,27.7,27.2,26.9,26.6,27.1,26.7,27.3,27.3,27.4,27.0,27.5,27.7
2026-05-01T18:22:00,3,57.96,-49.33,32.9,94.24,56.55,28.617724,77.202759,3.587,3.585,3.589,3.589,3.448,3.583,3.588,3.586,3.584,3.582,3.59,3.583,3.589,3.588,3.586,3.587,26.7,26.8,27.6,26.6,26.9,26.6,26.7,27.2,27.0,27.6,26.7,27.4,27.2,27.2,26.7,27.0
2026-05-01T18:24:00,3,58.55,-48.12,32.3,94.33,56.6,28.616959,77.202237,3.584,3.579,3.583,3.582,3.448,3.584,3.577,3.581,3.582,3.583,3.583,3.582,3.578,3.583,3.579,3.578,27.2,27.7,26.5,27.1,27.2,27.4,27.7,27.6,27.1,26.8,27.3,26.9,26.8,26.7,27.0,27.6
2026-05-01T18:26:00,3,58.06,-53.31,31.7,94.29,56.57,28.616122,77.20181,3.579,3.581,3.578,3.574,3.445,3.577,3.577,3.578,3.58,3.579,3.579,3.581,3.576,3.575,3.575,3.583,27.7,28.0,27.9,27.9,27.5,27.5,27.7,27.6,27.5,27.7,27.4,27.8,27.3,27.0,27.8,27.2
2026-05-01T18:28:00,3,57.92,-52.51,31.1,94.31,56.58,28.615227,77.201487,3.572,3.576,3.574,3.574,3.439,3.575,3.57,3.577,3.576,3.572,3.575,3.573,3.573,3.573,3.573,3.574,28.1,27.9,27.2,27.6,27.5,27.0,28.1,27.7,28.0,27.5,28.0,28.1,27.4,27.3,27.3,27.1
2026-05-01T18:30:00,3,57.99,-54.97,30.4,94.26,56.56,28.614285,77.201278,3.568,3.568,3.572,3.573,3.439,3.567,3.568,3.57,3.566,3.574,3.57,3.57,3.569,3.569,3.57,3.567,28.0,27.2,27.2,28.3,28.3,27.2,27.2,27.9,28.2,27.4,28.0,27.1,28.0,28.2,27.6,27.3
2026-05-01T18:32:00,3,57.87,-54.82,29.9,94.26,56.56,28.613311,77.201187,3.569,3.568,3.57,3.569,3.434,3.563,3.563,3.564,3.565,3.569,3.56,3.565,3.564,3.57,3.567,3.567,28.1,27.6,27.5,27.5,27.9,27.6,27.8,28.1,27.6,27.7,28.3,27.7,27.6,28.1,28.1,27.9
2026-05-01T18:34:00,3,58.41,-56.31,29.3,94.22,56.53,28.612321,77.20122,3.561,3.562,3.566,3.562,3.427,3.564,3.559,3.565,3.559,3.563,3.565,3.565,3.564,3.561,3.563,3.565,27.3,27.3,27.4,27.8,28.3,27.7,27.6,27.4,28.0,28.2,27.3,27.7,27.4,28.1,28.4,27.4
2026-05-01T18:36:00,3,57.96,-54.08,28.6,94.26,56.56,28.611331,77.20138,3.553,3.559,3.56,3.558,3.423,3.557,3.559,3.559,3.561,3.557,3.559,3.553,3.555,3.554,3.556,3.56,28.1,27.6,27.8,27.7,27.1,27.6,28.1,27.3,28.1,28.0,27.4,27.2,27.3,27.2,27.3,27.5
2026-05-01T18:38:00,3,57.82,-52.56,27.9,94.17,56.5,28.610356,77.201667,3.556,3.553,3.55,3.553,3.425,3.551,3.55,3.553,3.552,3.549,3.558,3.554,3.556,3.549,3.552,3.554,27.2,27.1,27.1,27.7,28.0,27.1,27.9,28.1,27.3,27.8,27.5,27.5,27.9,27.0,27.6,27.8
2026-05-01T18:40:00,3,57.67,-54.27,27.2,94.22,56.53,28.609413,77.20208,3.551,3.552,3.547,3.545,3.416,3.553,3.548,3.544,3.549,3.548,3.552,3.548,3.548,3.549,3.547,3.545,27.7,27.1,27.7,28.0,27.6,27.7,27.2,28.1,27.8,27.3,27.1,28.0,27.7,27.4,27.2,27.1
2026-05-01T18:42:00,3,57.51,-54.22,26.5,94.15,56.49,28.608519,77.202614,3.544,3.54,3.543,3.546,3.41,3.542,3.545,3.542,3.54,3.544,3.543,3.542,3.543,3.539,3.546,3.544,27.4,28.1,27.8,27.7,27.4,27.2,27.4,28.2,27.7,28.2,27.2,28.1,27.9,27.3,27.7,27.1
2026-05-01T18:44:00,3,57.61,-53.57,26.0,94.15,56.49,28.607689,77.203265,3.535,3.534,3.539,3.534,3.406,3.544,3.541,3.54,3.536,3.543,3.538,3.543,3.538,3.54,3.54,3.538,27.8,27.3,27.1,27.0,27.2,28.2,27.7,27.7,27.9,27.9,27.7,28.0,27.6,27.6,27.7,27.7
2026-05-01T18:46:00,3,57.83,-51.91,25.4,94.14,56.48,28.606939,77.204024,3.54,3.537,3.534,3.533,3.402,3.535,3.531,3.535,3.537,3.533,3.537,3.536,3.538,3.532,3.538,3.538,27.2,27.0,27.1,27.1,27.8,27.1,27.7,27.0,27.7,27.3,27.7,26.8,26.9,27.6,27.2,27.6
2026-05-01T18:48:00,3,57.62,-52.1,24.7,94.2,56.52,28.606282,77.204882,3.528,3.533,3.528,3.532,3.403,3.535,3.528,3.527,3.528,3.527,3.527,3.533,3.53,3.529,3.53,3.53,27.1,27.0,27.0,27.4,26.9,26.9,27.9,27.9,27.5,27.4,27.2,27.8,27.7,27.7,27.4,27.3
2026-05-01T18:50:00,3,57.63,-48.14,24.0,94.12,56.47,28.605732,77.205827,3.527,3.525,3.528,3.528,3.401,3.529,3.529,3.526,3.527,3.524,3.524,3.527,3.53,3.529,3.522,3.525,27.3,26.7,27.3,26.5,26.5,26.5,27.2,27.4,27.1,27.4,27.4,27.6,26.7,27.5,27.3,27.4
2026-05-01T18:52:00,3,57.16,-47.57,23.4,94.17,56.5,28.6053,77.206845,3.528,3.519,3.521,3.525,3.394,3.525,3.522,3.518,3.524,3.523,3.52,3.52,3.52,3.524,3.527,3.525,27.6,26.8,26.8,26.7,27.5,27.1,26.5,27.1,26.8,27.0,27.4,27.0,26.7,27.0,26.8,27.6
2026-05-01T18:54:00,3,57.5,-46.74,22.7,94.14,56.48,28.604996,77.207921,3.519,3.52,3.52,3.518,3.388,3.517,3.521,3.519,3.516,3.513,3.514,3.517,3.519,3.519,3.52,3.519,27.6,27.5,26.4,27.3,27.1,26.8,26.7,27.0,26.6,26.6,26.4,27.4,26.5,26.6,26.9,26.7
2026-05-01T18:56:00,3,57.31,-46.18,22.0,94.12,56.47,28.604828,77.20904,3.517,3.51,3.509,3.51,3.387,3.511,3.514,3.513,3.514,3.517,3.513,3.517,3.513,3.512,3.518,3.516,27.3,26.8,27.0,27.1,27.0,26.5,26.9,27.4,27.2,26.4,27.2,27.0,26.4,26.9,27.3,27.4
2026-05-01T18:58:00,3,56.58,-45.72,21.5,94.07,56.44,28.604801,77.210184,3.505,3.507,3.51,3.511,3.379,3.508,3.514,3.511,3.512,3.509,3.508,3.51,3.51,3.511,3.51,3.512,26.3,26.3,26.7,27.2,27.1,26.5,27.4,26.6,26.3,27.2,26.7,27.0,26.3,27.2,26.7,27.1
2026-05-01T19:00:00,3,57.19,-44.93,20.8,94.09,56.45,28.60492,77.211335,3.505,3.501,3.501,3.502,3.377,3.51,3.506,3.505,3.503,3.51,3.504,3.507,3.506,3.504,3.506,3.504,27.2,26.6,26.3,26.5,26.9,26.4,27.3,26.8,26.8,26.5,26.7,27.0,27.1,26.3,27.1,26.5
2026-05-01T19:02:00,3,57.0,-42.77,20.2,94.11,56.47,28.605186,77.212475,3.505,3.499,3.506,3.498,3.371,3.499,3.497,3.499,3.505,3.503,3.506,3.501,3.504,3.498,3.5,3.497,26.8,26.9,27.1,27.1,26.9,27.1,27.0,27.0,26.8,26.7,27.0,27.0,26.4,26.2,26.6,26.8
2026-05-01T19:04:00,3,56.13,-42.38,19.5,94.09,56.46,28.605597,77.213584,3.485,3.489,3.49,3.489,3.358,3.484,3.493,3.49,3.494,3.492,3.485,3.487,3.487,3.491,3.489,3.492,26.0,26.7,26.2,27.1,26.3,26.3,26.8,26.5,26.4,26.7,27.0,26.1,26.5,27.1,26.4,27.2
2026-05-01T19:06:00,3,56.27,-39.46,18.9,94.11,56.46,28.60615,77.214644,3.476,3.473,3.472,3.47,3.342,3.473,3.47,3.475,3.472,3.471,3.474,3.476,3.469,3.472,3.469,3.475,26.4,26.4,26.5,26.1,26.6,26.9,25.9,27.0,26.4,26.2,26.1,26.2,26.2,26.4,26.7,25.8
2026-05-01T19:08:00,3,55.75,-37.77,18.3,94.07,56.44,28.606839,77.215637,3.458,3.459,3.457,3.459,3.328,3.456,3.461,3.46,3.456,3.462,3.457,3.459,3.455,3.457,3.46,3.459,26.1,26.3,26.6,26.2,26.9,26.1,26.4,26.2,25.8,25.9,26.9,26.6,25.8,25.9,26.8,26.0
2026-05-01T19:10:00,3,55.72,-38.12,17.7,94.09,56.45,28.607656,77.216545,3.442,3.438,3.445,3.442,3.317,3.446,3.437,3.436,3.443,3.441,3.441,3.444,3.44,3.443,3.442,3.446,26.2,26.5,26.7,26.5,26.1,26.5,25.9,26.6,26.4,26.5,26.8,26.3,26.3,25.7,26.6,25.9
2026-05-01T19:12:00,3,55.88,-37.55,17.0,94.04,56.43,28.60859,77.217352,3.428,3.426,3.425,3.431,3.298,3.425,3.43,3.428,3.43,3.425,3.431,3.426,3.424,3.423,3.424,3.431,26.6,25.7,26.2,26.0,26.8,26.3,26.4,26.6,25.9,26.0,26.8,26.0,26.3,26.9,26.4,25.8
2026-05-01T19:14:00,3,54.63,22.56,18.1,94.02,56.41,,,3.453,3.455,3.453,3.452,3.324,3.457,3.452,3.454,3.447,3.453,3.451,3.452,3.452,3.455,3.451,3.45,25.9,26.0,26.0,26.1,25.4,25.2,25.3,25.7,25.7,25.1,25.5,25.2,25.7,25.8,25.7,25.6
2026-05-01T19:16:00,3,54.81,23.19,19.0,93.98,56.39,,,3.478,3.477,3.474,3.479,3.354,3.473,3.478,3.474,3.476,3.476,3.472,3.475,3.474,3.473,3.474,3.474,25.9,26.1,25.6,25.1,25.8,25.4,25.6,25.4,25.4,25.8,25.8,24.9,25.0,25.0,24.9,24.9
2026-05-01T19:18:00,3,55.88,23.65,20.0,94.05,56.43,,,3.498,3.502,3.498,3.502,3.376,3.495,3.499,3.503,3.497,3.502,3.495,3.495,3.498,3.502,3.498,3.503,25.1,25.1,25.6,25.1,24.9,25.6,25.7,25.5,25.5,25.0,25.4,25.2,25.8,25.8,25.5,25.6
2026-05-01T19:20:00,3,55.07,23.19,20.9,93.96,56.38,,,3.506,3.508,3.502,3.505,3.381,3.509,3.505,3.505,3.505,3.508,3.508,3.504,3.504,3.509,3.503,3.505,25.1,24.9,25.5,25.8,26.0,25.9,24.9,26.0,25.3,25.7,26.0,26.1,25.7,26.0,25.1,25.5
2026-05-01T19:22:00,3,55.73,23.11,22.0,93.98,56.39,,,3.517,3.509,3.511,3.515,3.392,3.514,3.51,3.51,3.509,3.514,3.514,3.511,3.512,3.51,3.514,3.516,25.4,24.9,25.6,25.4,25.3,25.2,26.0,25.8,26.1,25.7,25.4,25.6,25.7,25.0,26.0,25.9
2026-05-01T19:24:00,3,55.77,22.04,22.9,93.97,56.38,,,3.524,3.522,3.518,3.517,3.393,3.52,3.52,3.524,3.523,3.518,3.522,3.517,3.517,3.522,3.516,3.516,25.4,25.2,25.9,25.4,25.5,25.3,25.5,26.0,25.7,25.6,25.2,25.7,24.9,26.0,25.7,24.9
2026-05-01T19:26:00,3,56.0,22.26,23.9,93.97,56.38,,,3.521,3.525,3.524,3.525,3.4,3.527,3.523,3.527,3.528,3.525,3.528,3.528,3.522,3.525,3.528,3.527,25.6,25.2,25.0,25.3,25.5,25.6,25.9,25.1,25.9,25.8,25.9,25.1,25.9,25.7,25.8,25.2
2026-05-01T19:28:00,3,56.27,21.3,24.8,93.99,56.39,,,3.533,3.531,3.532,3.533,3.407,3.534,3.531,3.529,3.533,3.534,3.534,3.534,3.528,3.533,3.532,3.534,25.1,25.1,25.8,25.2,25.8,26.0,25.0,25.0,25.7,25.4,24.9,25.6,25.2,25.0,25.4,25.3
2026-05-01T19:30:00,3,56.33,21.59,25.7,93.98,56.39,,,3.537,3.536,3.539,3.539,3.418,3.544,3.536,3.538,3.538,3.54,3.536,3.535,3.534,3.539,3.538,3.537,25.0,25.8,25.8,25.2,24.9,24.9,25.8,25.4,24.8,25.1,25.9,25.0,25.4,25.4,25.5,25.6
2026-05-01T19:32:00,3,55.58,21.88,26.7,93.97,56.38,,,3.542,3.542,3.54,3.547,3.422,3.541,3.544,3.545,3.543,3.546,3.545,3.544,3.549,3.546,3.542,3.546,25.6,25.9,25.8,25.6,25.6,25.4,25.0,25.5,24.8,25.1,25.6,25.3,25.2,25.3,24.9,25.5
2026-05-01T19:34:00,3,56.63,20.62,27.7,93.91,56.34,,,3.551,3.546,3.555,3.549,3.429,3.556,3.55,3.551,3.546,3.553,3.552,3.548,3.553,3.553,3.555,3.548,24.9,25.5,25.8,25.0,25.1,25.8,24.8,25.4,25.1,25.1,25.3,24.9,24.8,25.7,25.8,25.8
2026-05-01T19:36:00,3,56.34,20.95,28.7,93.91,56.34,,,3.556,3.554,3.559,3.557,3.432,3.562,3.56,3.561,3.56,3.557,3.559,3.563,3.556,3.56,3.557,3.559,25.0,25.6,25.7,24.8,25.1,25.4,24.9,25.3,25.4,25.2,25.2,25.1,24.9,25.8,25.6,25.0
2026-05-01T19:38:00,3,56.23,22.23,29.7,93.9,56.34,,,3.562,3.563,3.565,3.566,3.444,3.563,3.565,3.562,3.562,3.564,3.562,3.568,3.565,3.561,3.562,3.561,25.4,25.8,25.9,25.2,25.2,25.9,25.3,25.6,25.3,25.9,25.5,24.9,25.1,26.0,25.1,25.0
2026-05-01T19:40:00,3,56.46,21.28,30.6,93.94,56.36,,,3.57,3.575,3.568,3.569,3.447,3.571,3.573,3.571,3.573,3.569,3.572,3.572,3.575,3.569,3.575,3.57,25.3,25.2,24.8,25.2,24.9,25.8,25.3,25.4,25.2,24.9,25.8,24.8,25.2,25.0,25.5,25.0
2026-05-01T19:42:00,3,57.12,22.2,31.6,93.94,56.36,,,3.578,3.579,3.579,3.579,3.46,3.576,3.58,3.58,3.579,3.575,3.574,3.578,3.579,3.581,3.58,3.575,25.7,25.9,25.2,25.3,25.0,25.7,25.2,25.1,25.4,24.9,25.3,25.6,26.0,25.1,25.7,25.0
2026-05-01T19:44:00,3,56.63,19.53,32.5,93.91,56.35,,,3.582,3.584,3.589,3.585,3.462,3.586,3.585,3.583,3.587,3.58,3.585,3.584,3.582,3.586,3.583,3.584,25.8,25.4,25.4,25.6,25.9,25.3,25.0,25.4,25.2,25.9,24.8,25.7,25.4,25.2,24.8,25.6
2026-05-01T19:46:00,3,57.41,20.71,33.5,93.9,56.34,,,3.59,3.591,3.595,3.591,3.47,3.592,3.592,3.588,3.585,3.588,3.591,3.586,3.587,3.588,3.592,3.588,25.6,24.9,25.2,24.8,25.4,25.6,25.5,25.2,25.0,25.5,24.8,25.6,26.0,25.8,25.1,25.1
2026-05-01T19:48:00,3,57.32,21.56,34.5,93.85,56.31,,,3.598,3.596,3.6,3.597,3.479,3.602,3.598,3.594,3.597,3.592,3.599,3.596,3.594,3.6,3.592,3.599,25.8,25.3,25.3,25.1,25.9,25.8,25.3,25.2,25.3,25.0,26.0,25.2,25.3,25.8,25.1,25.7
2026-05-01T19:50:00,3,56.82,21.45,35.5,93.85,56.31,,,3.607,3.602,3.602,3.601,3.488,3.606,3.605,3.599,3.604,3.602,3.605,3.6,3.602,3.601,3.6,3.603,25.2,25.0,25.0,25.8,24.9,25.7,25.6,25.6,25.5,25.2,25.0,25.3,25.0,25.4,25.6,25.0
2026-05-01T19:52:00,3,56.89,20.79,36.5,93.83,56.3,,,3.606,3.611,3.607,3.613,3.493,3.615,3.607,3.614,3.612,3.609,3.609,3.611,3.609,3.613,3.609,3.612,25.9,25.1,25.8,25.9,25.0,25.8,24.9,25.2,25.3,24.9,26.0,25.1,25.8,25.2,25.2,25.7
2026-05-01T19:54:00,3,58.05,21.1,37.4,93.84,56.3,,,3.619,3.617,3.62,3.617,3.501,3.616,3.613,3.619,3.615,3.618,3.611,3.616,3.612,3.614,3.616,3.614,25.9,24.9,24.9,24.9,25.9,25.3,25.9,25.4,24.9,25.6,25.0,25.9,25.8,25.5,25.8,25.1
2026-05-01T19:56:00,3,57.65,20.21,38.3,93.84,56.3,,,3.621,3.626,3.621,3.621,3.504,3.624,3.622,3.62,3.619,3.622,3.625,3.62,3.619,3.622,3.62,3.623,25.0,25.3,25.5,25.4,25.2,25.5,25.0,25.1,26.0,24.9,25.8,25.5,25.2,25.9,25.8,25.0
2026-05-01T19:58:00,3,57.57,21.4,39.3,93.79,56.27,,,3.627,3.632,3.628,3.623,3.511,3.631,3.624,3.624,3.631,3.629,3.627,3.625,3.631,3.632,3.627,3.625,24.9,26.0,25.5,25.4,25.3,25.7,25.8,25.7,25.6,25.8,25.3,25.2,25.8,25.0,25.4,26.0
2026-05-01T20:00:00,3,57.72,21.2,40.3,93.84,56.31,,,3.633,3.633,3.636,3.637,3.516,3.638,3.636,3.635,3.634,3.63,3.637,3.633,3.636,3.634,3.637,3.639,25.9,25.3,24.8,25.4,24.9,25.9,25.5,25.8,25.0,25.7,25.4,25.9,24.8,26.0,25.4,25.1
2026-05-01T20:02:00,3,57.6,21.47,41.2,93.8,56.28,,,3.64,3.645,3.64,3.644,3.525,3.638,3.644,3.641,3.636,3.645,3.642,3.647,3.641,3.639,3.644,3.637,25.0,25.3,25.6,25.4,25.6,24.8,26.0,25.0,25.5,25.9,25.9,25.9,25.6,25.5,26.0,25.2
2026-05-01T20:04:00,3,57.63,21.18,42.1,93.78,56.27,,,3.648,3.644,3.644,3.647,3.533,3.649,3.643,3.649,3.648,3.645,3.646,3.648,3.646,3.651,3.646,3.65,26.0,25.4,26.0,25.6,25.0,25.9,25.1,25.2,25.5,25.1,25.8,25.0,25.8,25.1,25.3,25.2
2026-05-01T20:06:00,3,58.51,19.57,43.1,93.74,56.24,,,3.653,3.654,3.659,3.657,3.54,3.654,3.655,3.655,3.656,3.651,3.653,3.649,3.657,3.652,3.653,3.654,25.7,25.8,25.4,25.9,25.8,25.9,25.3,25.7,25.1,25.9,24.9,25.2,25.6,25.9,24.9,24.9
2026-05-01T20:08:00,3,58.01,20.14,44.1,93.75,56.25,,,3.659,3.666,3.66,3.663,3.542,3.658,3.662,3.663,3.661,3.66,3.663,3.659,3.663,3.663,3.661,3.665,25.6,24.9,25.5,24.8,25.1,25.3,24.9,25.6,25.1,24.8,25.3,24.8,25.7,24.9,25.7,25.1
2026-05-01T20:10:00,3,58.29,18.63,45.0,93.73,56.24,,,3.669,3.662,3.67,3.669,3.55,3.671,3.669,3.662,3.67,3.669,3.664,3.664,3.668,3.669,3.67,3.664,25.8,25.9,25.7,25.0,25.3,24.9,25.0,25.9,25.9,25.8,25.5,25.7,25.0,25.7,25.0,24.9
2026-05-01T20:12:00,3,58.04,18.19,46.1,93.73,56.24,,,3.678,3.671,3.678,3.676,3.556,3.669,3.673,3.675,3.678,3.673,3.671,3.671,3.672,3.674,3.673,3.678,25.3,24.8,25.4,24.8,25.8,25.4,25.9,25.7,25.2,25.7,24.8,24.7,25.6,25.7,24.7,25.6
2026-05-01T20:14:00,3,58.87,20.52,47.0,93.74,56.24,,,3.683,3.684,3.681,3.679,3.562,3.678,3.677,3.683,3.678,3.678,3.682,3.682,3.68,3.683,3.682,3.682,25.5,25.5,25.7,25.1,25.5,25.0,25.9,25.0,25.0,25.8,25.2,25.8,24.9,25.5,24.8,25.0
2026-05-01T20:16:00,3,58.6,18.38,47.9,93.75,56.25,,,3.685,3.684,3.683,3.689,3.57,3.68,3.688,3.688,3.684,3.687,3.688,3.691,3.685,3.691,3.681,3.684,25.5,25.6,25.6,25.0,25.0,25.8,24.9,25.6,25.3,25.7,25.6,25.1,25.1,25.1,24.9,25.7
2026-05-01T20:18:00,3,59.24,20.38,48.9,93.72,56.23,,,3.694,3.695,3.688,3.693,3.576,3.694,3.69,3.693,3.697,3.689,3.693,3.695,3.69,3.694,3.693,3.696,25.6,25.7,25.6,24.9,25.8,25.8,25.4,25.4,25.6,25.0,24.9,25.8,25.7,25.6,25.4,24.9
2026-05-01T20:20:00,3,58.28,20.64,49.9,93.74,56.24,,,3.699,3.705,3.698,3.697,3.579,3.7,3.703,3.694,3.702,3.7,3.698,3.697,3.698,3.702,3.7,3.699,25.2,24.8,25.9,25.9,25.3,25.0,25.7,25.5,25.6,25.8,24.9,25.3,24.9,25.4,25.1,24.9
2026-05-01T20:22:00,3,59.08,19.48,50.8,93.66,56.2,,,3.706,3.702,3.706,3.703,3.586,3.705,3.702,3.707,3.706,3.701,3.703,3.702,3.703,3.709,3.705,3.707,25.0,25.0,25.9,25.5,24.9,24.7,25.5,25.3,24.9,25.9,25.4,25.3,25.4,25.4,25.3,25.5
2026-05-01T20:24:00,3,58.95,20.44,51.7,93.66,56.19,,,3.711,3.71,3.712,3.71,3.597,3.707,3.715,3.708,3.712,3.71,3.715,3.711,3.71,3.712,3.709,3.711,24.9,25.9,25.3,25.4,25.1,25.3,25.7,25.3,25.6,25.1,26.0,25.6,25.0,25.7,25.6,25.1
2026-05-01T20:26:00,3,58.97,19.29,52.8,93.65,56.19,,,3.72,3.715,3.714,3.714,3.603,3.717,3.716,3.717,3.718,3.721,3.717,3.714,3.714,3.719,3.722,3.723,25.3,24.9,25.2,25.6,25.9,24.8,25.3,24.7,25.9,25.9,25.4,25.2,25.5,25.0,24.9,24.8
2026-05-01T20:28:00,3,59.51,19.58,53.7,93.68,56.21,,,3.721,3.722,3.724,3.728,3.611,3.727,3.721,3.725,3.726,3.726,3.724,3.724,3.725,3.724,3.728,3.729,25.2,25.5,25.6,25.0,25.3,24.9,25.4,25.4,25.9,25.4,25.5,25.6,25.0,25.0,25.2,25.2
2026-05-01T20:30:00,3,59.59,18.86,54.6,93.68,56.21,,,3.731,3.73,3.726,3.726,3.618,3.735,3.728,3.732,3.727,3.733,3.731,3.728,3.735,3.728,3.729,3.733,25.8,25.2,25.5,25.2,25.3,25.9,24.7,25.0,24.7,25.5,24.8,25.0,25.2,24.9,25.2,25.4
2026-05-01T20:32:00,3,59.66,20.11,55.6,93.67,56.2,,,3.739,3.738,3.736,3.737,3.628,3.736,3.733,3.738,3.738,3.734,3.737,3.738,3.736,3.74,3.736,3.738,25.9,25.1,25.8,24.8,25.4,25.0,25.7,24.9,25.5,25.9,25.0,24.8,25.0,25.5,25.3,25.6
2026-05-01T20:34:00,3,59.29,18.23,56.6,93.59,56.15,,,3.746,3.745,3.742,3.747,3.633,3.741,3.74,3.745,3.744,3.741,3.742,3.741,3.747,3.748,3.746,3.744,25.1,25.7,25.8,25.5,24.8,25.3,25.8,25.8,25.7,25.8,25.0,25.4,25.5,25.9,25.4,24.9
2026-05-01T20:36:00,3,59.64,19.52,57.5,93.64,56.19,,,3.748,3.751,3.755,3.752,3.642,3.748,3.75,3.75,3.748,3.752,3.753,3.753,3.751,3.748,3.747,3.752,25.0,24.8,25.5,24.9,25.3,25.0,25.8,25.9,25.8,24.9,25.5,25.9,25.6,24.8,25.5,25.2
2026-05-01T20:38:00,3,60.17,17.81,58.5,93.59,56.15,,,3.754,3.756,3.757,3.76,3.649,3.761,3.759,3.752,3.76,3.76,3.753,3.753,3.757,3.757,3.752,3.759,25.5,25.3,25.7,25.6,24.7,25.5,24.9,25.0,25.4,25.0,24.9,25.5,25.8,25.1,25.1,25.1
2026-05-01T20:40:00,3,60.12,19.19,59.5,93.61,56.17,,,3.765,3.763,3.766,3.768,3.655,3.764,3.765,3.764,3.763,3.761,3.759,3.761,3.761,3.762,3.759,3.764,25.4,25.4,24.9,25.4,25.7,25.3,25.1,24.8,25.4,25.6,25.4,25.9,24.8,25.4,24.8,25.4
2026-05-01T20:42:00,3,60.55,19.0,60.5,93.58,56.15,,,3.772,3.767,3.773,3.769,3.659,3.766,3.766,3.765,3.765,3.769,3.773,3.767,3.772,3.765,3.767,3.771,25.7,25.3,25.3,25.1,25.8,25.5,25.6,25.7,25.3,25.1,25.2,25.3,24.9,25.3,24.8,25.4
2026-05-01T20:44:00,3,60.19,19.63,61.5,93.55,56.13,,,3.772,3.781,3.775,3.78,3.664,3.778,3.778,3.782,3.773,3.777,3.776,3.78,3.777,3.777,3.775,3.781,24.9,25.2,25.7,25.2,25.8,25.8,25.0,25.8,25.1,24.8,25.4,25.6,24.8,25.0,25.8,25.6
2026-05-01T20:46:00,3,60.13,18.34,62.5,93.54,56.13,,,3.78,3.786,3.783,3.786,3.67,3.783,3.785,3.785,3.783,3.785,3.786,3.788,3.787,3.782,3.786,3.787,25.3,25.0,25.2,25.6,25.8,25.3,25.5,24.7,25.2,25.3,25.8,24.9,25.0,25.8,25.6,24.9
2026-05-01T20:48:00,3,60.86,16.78,63.5,93.54,56.12,,,3.786,3.786,3.793,3.791,3.684,3.79,3.792,3.794,3.786,3.792,3.789,3.789,3.79,3.789,3.792,3.788,25.7,25.2,25.4,24.7,25.3,25.0,25.5,25.6,24.9,25.4,25.4,25.2,25.6,25.7,25.1,25.0
2026-05-01T20:50:00,3,60.3,17.89,64.5,93.51,56.1,,,3.798,3.799,3.802,3.799,3.683,3.799,3.795,3.796,3.8,3.793,3.792,3.793,3.793,3.798,3.799,3.797,25.4,24.9,25.0,24.7,25.5,25.6,25.4,25.7,25.4,24.7,25.6,25.4,25.9,25.8,25.2,25.1
2026-05-01T20:52:00,3,60.51,17.77,65.4,93.57,56.14,,,3.806,3.804,3.803,3.803,3.695,3.802,3.8,3.804,3.801,3.808,3.804,3.802,3.805,3.802,3.801,3.803,24.9,25.7,24.8,25.8,25.3,25.1,25.0,25.4,25.8,25.1,25.2,25.3,25.3,25.4,25.7,25.2
2026-05-01T20:54:00,3,60.54,16.3,66.4,93.56,56.14,,,3.811,3.812,3.811,3.807,3.701,3.81,3.805,3.805,3.813,3.813,3.812,3.809,3.806,3.808,3.814,3.813,24.7,25.1,25.4,25.6,25.6,25.1,24.9,25.1,25.6,25.5,25.0,25.4,25.1,25.4,24.9,25.8
2026-05-01T20:56:00,3,60.67,18.55,67.4,93.57,56.14,,,3.815,3.814,3.819,3.816,3.707,3.819,3.82,3.813,3.815,3.813,3.812,3.811,3.816,3.815,3.819,3.813,24.8,25.4,25.5,25.0,25.5,25.7,25.3,25.6,25.4,24.7,25.1,25.3,25.9,25.8,25.9,25.1
2026-05-01T20:58:00,3,61.06,18.88,68.3,93.53,56.12,,,3.827,3.825,3.819,3.824,3.717,3.822,3.822,3.822,3.819,3.822,3.821,3.823,3.821,3.82,3.821,3.817,25.3,25.0,25.6,25.0,25.2,24.7,24.8,25.0,25.2,25.5,25.8,25.0,25.1,25.8,25.7,25.8
